UID,Name,Position,Age,Height,Min WD,Wage,Personality,Expires,Mins,Club,Division,season,possession,Pas %,Hdr %,Tck R,Poss Lost/90,Poss Won/90,Pr passes/90,Hdr %,Hdrs  W/90,Tck R,Hdr %,Hdrs W/90,Int/90,Tck R,Tck/90,Blk/90,Poss Won/90,Pas %Poss Lost/90
28124744,Cardo Siddik,D (C),21,"6'3""",400,575,,30/6/2025,2101,Darlington,Vanarama National League North,1,49,85%,81.0,75.0,9.0,15.68,4.58,81.0,0.0,75.0,81.0,8.44,1.84,75.0,1.29,0.64,15.68,
29223278,Kieran Coates,D/WB (R),22,"5'10""",850,300,,30/6/2024,3908,Chester,Vanarama National League North,1,47,81%,59.0,74.0,19.97,14.95,5.62,59.0,0.0,74.0,59.0,4.38,2.86,74.0,3.11,0.53,14.95,
90049334,Will Thornton,D (C),26,"6'3""",525,350,,30/6/2024,4327,Scarborough Athletic,Vanarama National League North,1,50,78%,72.0,76.0,11.88,12.17,4.45,72.0,0.0,76.0,72.0,7.61,0.73,76.0,0.98,0.35,12.17,
29139894,Connor Johnson,D (C),26,"6'1""",650,750,,30/6/2024,4119,Peterborough Sports,Vanarama National League North,1,47,80%,71.0,71.0,9.02,12.83,3.39,71.0,0.0,71.0,71.0,7.19,1.18,71.0,0.7,0.33,12.83,
29240127,Jack Davies,D (LC),21,"6'2""",0,180,,30/6/2024,1761,Banbury,Vanarama National League North,1,44,79%,78.0,85.0,12.73,14.62,3.63,78.0,0.0,85.0,78.0,8.69,1.99,85.0,1.18,0.97,14.62,
31034672,Kyran Clements,D (C),27,"6'1""",550,350,,30/6/2024,4117,Gloucester,Vanarama National League North,1,47,84%,83.0,84.0,9.2,14.14,3.45,83.0,0.0,84.0,83.0,7.65,1.79,84.0,0.94,0.48,14.14,
28118015,Harry Flowers,D (C),28,"6'5""",0,350,,30/6/2024,2789,Southport,Vanarama National League North,1,50,77%,79.0,83.0,10.84,15.49,2.9,79.0,0.0,83.0,79.0,8.75,1.23,83.0,0.77,0.52,15.49,
122112,Peter Clarke,D (C),42,"6'2""",350,575,,30/6/2024,4257,Warrington,Vanarama National League North,1,44,73%,74.0,76.0,11.01,12.09,3.97,74.0,0.0,76.0,74.0,7.10,1.08,76.0,0.95,0.36,12.09,
28062670,George Waring,"D (C), ST (C)",29,"6'5""",0,230,,30/6/2024,2116,Curzon Ashton,Vanarama National League North,1,46,76%,76.0,73.0,11.14,12.33,2.68,76.0,0.0,73.0,76.0,8.29,1.45,73.0,1.02,0.51,12.33,
28068604,Rudy Misambo,D (C),30,"6'4""",0,230,,30/6/2024,3980,Farsley,Vanarama National League North,1,46,76%,82.0,83.0,11.24,15.08,3.32,82.0,0.0,83.0,82.0,8.32,1.24,83.0,0.97,0.54,15.08,
90070191,Simeon Maye,"DM, M (C)",29,"5'10""",0,230,,30/6/2024,2990,Banbury,Vanarama National League North,1,44,87%,59.0,78.0,5.3,7.56,2.38,59.0,0.0,78.0,59.0,3.64,0.96,78.0,1.41,0.39,7.56,
28100548,Kyle Howkins,D (C),28,"6'5""",0,475,,30/6/2024,3976,Hereford,Vanarama National League North,1,50,82%,82.0,74.0,8.62,13.11,2.9,82.0,0.0,74.0,82.0,8.65,1.20,74.0,1.09,0.75,13.11,
29194271,Tom Leak,D (C),23,"6'2""",0,400,,30/6/2024,4106,Boston Utd,Vanarama National League North,1,58,87%,80.0,79.0,8.53,15.26,5.37,80.0,0.0,79.0,80.0,8.57,2.02,79.0,0.75,0.50,15.26,
2000219406,Ashton Fox,D (C),21,"6'0""",0,575,,30/6/2024,4295,Peterborough Sports,Vanarama National League North,1,47,82%,80.0,75.0,9.64,14.71,3.9,80.0,0.0,75.0,80.0,8.53,1.78,75.0,0.75,0.48,14.71,
29158250,Harvey Smith,D (C),25,"6'0""",0,400,,30/6/2024,3362,Chorley,Vanarama National League North,1,59,84%,80.0,80.0,9.69,13.06,5.09,80.0,0.0,80.0,80.0,7.82,1.23,80.0,1.26,0.56,13.06,
29176525,Max Hunt,D (C),25,"6'6""",0,400,,30/6/2024,4307,Buxton,Vanarama National League North,1,48,83%,80.0,83.0,8.09,14.21,4.28,80.0,0.0,83.0,80.0,8.59,0.88,83.0,0.94,0.42,14.21,
61064263,Michael Kelly,D (L),26,"5'11""",0,"1,200",,30/6/2025,2016,Scunthorpe,Vanarama National League North,1,64,84%,80.0,72.0,11.47,15.85,7.54,80.0,0.0,72.0,80.0,5.94,2.05,72.0,2.41,0.67,15.85,
222823,Tai Fleming,D (C),22,"6'3""",0,240,,30/6/2025,4033,Banbury,Vanarama National League North,1,44,83%,79.0,90.0,9.39,15.31,3.06,79.0,0.0,90.0,79.0,9.95,1.21,90.0,0.98,0.51,15.31,
2000141112,Will Armitage,D (C),19,"6'3""",0,575,,30/6/2026,4498,South Shields,Vanarama National League North,1,50,92%,79.0,77.0,6.04,13.75,7.54,79.0,0.0,77.0,79.0,6.86,1.58,77.0,0.68,0.38,13.75,
28093200,Keenan Quansah,"D (RC), WB (R), DM",27,"6'4""",0,350,,30/6/2024,3388,Southport,Vanarama National League North,1,50,83%,79.0,76.0,10.07,14.03,3.83,79.0,0.0,76.0,79.0,6.35,1.70,76.0,2.15,0.37,14.03,
2000056887,Seydil TourÃ©,D (C),20,"6'2""",0,475,,30/6/2025,3759,Braintree,Vanarama National League South,1,50,85%,78.0,82.0,4.96,13.07,3.83,78.0,0.0,82.0,78.0,6.70,1.36,82.0,1.17,0.34,13.07,
28124743,Dan Quick,D (C),21,"6'2""",0,525,,30/6/2024,2583,Eastbourne Borough,Vanarama National League South,1,57,85%,78.0,88.0,4.01,13.1,4.08,78.0,0.0,88.0,78.0,6.38,1.57,88.0,1.05,0.45,13.1,
57149460,Moses Makinde,D (L),31,"6'1""",0,600,,30/6/2025,1727,South Shields,Vanarama National League North,1,50,85%,77.0,77.0,12.92,15.43,9.07,77.0,0.0,77.0,77.0,5.84,2.29,77.0,1.93,0.73,15.43,
29023464,Aarran Racine,D (C),32,"6'2""",0,300,,30/6/2025,2570,Tonbridge,Vanarama National League South,1,48,86%,77.0,81.0,4.1,14.78,4.38,77.0,0.0,81.0,77.0,6.37,1.37,81.0,0.91,0.49,14.78,
29161623,Adam Lund,DM,25,"5'11""",0,180,,30/6/2025,3709,Alfreton,Vanarama National League North,1,51,83%,77.0,77.0,11.31,10.51,4.0,77.0,0.0,77.0,77.0,5.12,1.14,77.0,2.26,0.39,10.51,
90057700,Jamie Willets,D (C),31,"6'3""",0,180,,30/6/2024,4501,Tamworth,Vanarama National League North,1,51,80%,77.0,70.0,10.68,13.96,4.56,77.0,0.0,70.0,77.0,7.08,1.32,70.0,0.7,0.42,13.96,
29233180,Brooklyn Kabongolo,D (C),21,"6'4""",0,450,,30/6/2024,1024,Maidstone,Vanarama National League South,1,50,81%,77.0,100.0,5.54,11.69,2.46,77.0,0.0,100.0,77.0,7.29,1.85,100.0,0.44,1.14,11.69,
28028403,Conor Branson,"DM, M (C)",32,"6'2""",0,300,,30/6/2024,2947,Farsley,Vanarama National League North,1,46,85%,77.0,71.0,8.7,11.27,4.83,77.0,0.0,71.0,77.0,5.13,1.37,71.0,1.92,0.61,11.27,
2000022079,Ethan Sutcliffe,D (C),20,"6'1""",0,375,,30/6/2025,1165,Scunthorpe,Vanarama National League North,1,64,90%,77.0,75.0,7.18,13.91,4.48,77.0,0.0,75.0,77.0,7.88,1.70,75.0,0.46,0.15,13.91,
29235898,Ronny Nelson,D (C),20,"6'5""",0,575,,30/6/2025,3727,Worthing,Vanarama National League South,1,50,86%,77.0,84.0,4.73,11.33,3.84,77.0,0.0,84.0,77.0,6.59,1.38,84.0,1.18,0.51,11.33,
28049315,Zaine Francis-Angol,D/WB (L),30,"5'8""",0,475,,30/6/2024,3085,Buxton,Vanarama National League North,1,48,84%,77.0,83.0,11.49,14.0,7.32,77.0,0.0,83.0,77.0,4.29,2.19,83.0,2.28,0.50,14.0,
2000273981,Emmanuel Harvest,DM,19,"6'4""",0,425,,30/6/2025,3265,Bishop's Stortford,Vanarama National League North,1,50,85%,77.0,69.0,8.77,9.26,3.42,77.0,0.0,69.0,77.0,5.84,0.91,69.0,1.82,0.30,9.26,
29127855,Isaac Assenso,D (C),27,"6'3""",0,230,,30/6/2024,2273,Farsley,Vanarama National League North,1,46,76%,76.0,76.0,11.28,13.07,4.08,76.0,0.0,76.0,76.0,7.17,1.39,76.0,1.15,0.48,13.07,
29146151,Maxim Kouogun,D (C),27,"6'3""",0,875,,30/6/2025,2941,Scunthorpe,Vanarama National League North,1,64,85%,76.0,68.0,9.61,16.04,4.28,76.0,0.0,68.0,76.0,7.80,1.84,68.0,0.92,0.43,16.04,
29038155,Blaine Hudson,D (C),32,"6'5""",0,300,,30/6/2025,2330,Chelmsford,Vanarama National League South,1,56,79%,76.0,75.0,5.25,19.58,4.4,76.0,0.0,75.0,76.0,6.72,1.43,75.0,0.81,0.42,19.58,
52070952,Gary Boylan,"D (R), M (C)",28,"6'0""",0,450,,30/6/2025,2116,Weston-super-Mare,Vanarama National League South,1,50,84%,76.0,78.0,13.14,13.65,4.68,76.0,0.0,78.0,76.0,5.49,1.83,78.0,1.62,0.43,13.65,
29219122,Jalil Saadi,D (C),22,"6'3""",0,875,,30/6/2024,3474,Yeovil,Vanarama National League South,1,50,83%,76.0,78.0,3.16,14.97,3.89,76.0,0.0,78.0,76.0,5.85,1.53,78.0,0.98,0.44,14.97,
2000211483,Aaron Harper-Bailey,D (C),22,"6'3""",0,475,,30/6/2024,3847,Gloucester,Vanarama National League North,1,47,85%,76.0,76.0,7.81,14.74,3.09,76.0,0.0,76.0,76.0,6.90,1.40,76.0,1.05,0.51,14.74,
2000192553,Charlie Stallard,D (C),20,"6'2""",0,525,,30/6/2024,3312,Hemel Hempstead,Vanarama National League South,1,46,87%,75.0,82.0,3.91,17.74,3.67,75.0,0.0,82.0,75.0,6.39,1.30,82.0,1.09,0.30,17.74,
28095453,Liam Edwards,D (C),27,"6'3""",0,525,,30/6/2024,3311,Chester,Vanarama National League North,1,47,87%,75.0,67.0,8.59,14.81,5.27,75.0,0.0,67.0,75.0,7.37,2.09,67.0,0.71,0.46,14.81,
2000108352,Charlie Hayes-Green,D (C),19,"6'0""",0,575,,30/6/2025,1260,Peterborough Sports,Vanarama National League North,1,47,85%,75.0,91.0,10.71,15.21,4.71,75.0,0.0,91.0,75.0,6.29,2.00,91.0,1.43,0.29,15.21,
29111157,Alex Finney,D (C),27,"6'4""",0,800,,30/6/2024,4335,Eastbourne Borough,Vanarama National League South,1,57,82%,75.0,74.0,4.94,16.46,3.61,75.0,0.0,74.0,75.0,6.66,1.27,74.0,1.08,0.27,16.46,
29128545,Kyron Farrell,D (L),26,"5'11""",0,250,,30/6/2024,3999,Tamworth,Vanarama National League North,1,51,81%,75.0,82.0,13.68,15.71,7.29,75.0,0.0,82.0,75.0,5.09,2.23,82.0,2.14,0.70,15.71,
2000120904,George Milner-Smith,D (C),20,"6'4""",0,300,,30/6/2025,1440,Dartford,Vanarama National League South,1,51,86%,75.0,87.0,3.5,13.94,3.81,75.0,0.0,87.0,75.0,6.38,1.12,87.0,0.81,0.75,13.94,
29132088,Adam Anson,D (C),27,"6'0""",0,475,,30/6/2024,4559,Southport,Vanarama National League North,1,50,80%,75.0,71.0,8.84,11.73,3.16,75.0,0.0,71.0,75.0,6.14,1.01,71.0,0.71,0.32,11.73,
28094135,Evan Gumbs,D (C),26,"5'10""",0,180,,30/6/2024,3750,Warrington,Vanarama National League North,1,44,80%,75.0,82.0,10.13,13.63,4.27,75.0,0.0,82.0,75.0,6.17,1.39,82.0,1.54,0.60,13.63,
29023545,Shaun Brisley,D (C),34,"6'4""",0,350,,30/6/2024,3924,Alfreton,Vanarama National League North,1,51,81%,75.0,68.0,8.3,12.18,3.0,75.0,0.0,68.0,75.0,7.36,1.03,68.0,0.69,0.41,12.18,
31042036,Baris Altintop,D (RC),23,"6'2""",0,475,,30/6/2025,4353,Braintree,Vanarama National League South,1,50,87%,75.0,76.0,4.84,18.53,3.58,75.0,0.0,76.0,75.0,5.71,1.34,76.0,1.08,0.41,18.53,
2000255196,Jet Dyer,D (LC),19,"6'4""",0,350,,30/6/2025,2224,Aveley,Vanarama National League South,1,44,87%,75.0,81.0,8.54,13.15,4.45,75.0,0.0,81.0,75.0,6.07,1.17,81.0,1.7,0.45,13.15,
29159369,Jordon Thompson,D (C),25,"6'2""",0,0,,-,2971,Weymouth,Vanarama National League South,1,50,83%,74.0,69.0,5.15,12.42,3.39,74.0,0.0,69.0,74.0,6.54,1.70,69.0,0.82,0.51,12.42,
5113683,Connell Rawlinson,D (C),32,"6'3""",0,925,,30/6/2025,2760,Yeovil,Vanarama National League South,1,50,80%,74.0,83.0,2.61,16.3,4.14,74.0,0.0,83.0,74.0,6.33,1.21,83.0,1.08,0.42,16.3,
89024046,Jordaan Brown,D (C),32,"6'2""",0,120,,30/6/2024,4145,Rushall,Vanarama National League North,1,50,79%,74.0,79.0,10.9,13.85,3.69,74.0,0.0,79.0,74.0,7.93,1.17,79.0,0.98,0.76,13.85,
31035171,Jacob Mensah,D (C),23,"6'0""",0,350,,-,4214,Dover,Vanarama National League South,1,49,81%,74.0,78.0,4.83,16.19,3.97,74.0,0.0,78.0,74.0,6.49,1.41,78.0,1.15,0.45,16.19,
2000239586,Finlay Heath,DM,20,"6'1""",0,120,,30/6/2024,3877,Southport,Vanarama National League North,1,50,84%,74.0,77.0,8.47,9.73,3.06,74.0,0.0,77.0,74.0,5.04,1.49,77.0,2.09,0.44,9.73,
29128162,Bailey Gooda,D (C),27,"5'9""",0,475,,30/6/2025,4539,Scarborough Athletic,Vanarama National League North,1,50,87%,74.0,70.0,7.38,13.38,4.7,74.0,0.0,70.0,74.0,5.83,2.04,70.0,1.03,0.50,13.38,
2000053510,Jay Haddow,D/WB (R),20,"6'1""",0,575,,30/6/2025,2731,Southport,Vanarama National League North,1,50,79%,74.0,77.0,13.87,14.47,3.43,74.0,0.0,77.0,74.0,6.13,2.37,77.0,2.47,0.73,14.47,
2000192695,Keilen Robinson,D (C),18,"6'1""",0,475,,30/6/2025,1080,Chester,Vanarama National League North,1,47,85%,74.0,69.0,9.42,14.25,5.0,74.0,0.0,69.0,74.0,8.67,2.00,69.0,0.75,0.58,14.25,
2000187733,Fuad Adeniyi,D (C),29,"6'0""",0,525,,30/6/2025,1668,Weymouth,Vanarama National League South,1,50,81%,74.0,76.0,3.94,12.63,4.21,74.0,0.0,76.0,74.0,5.45,0.81,76.0,1.19,0.38,12.63,
29072743,Zak Mills,D/WB (R),32,"6'0""",0,475,,30/6/2024,3732,Boston Utd,Vanarama National League North,1,58,82%,74.0,78.0,20.57,14.61,5.88,74.0,0.0,78.0,74.0,5.88,3.01,78.0,1.74,1.04,14.61,
2000106511,George Abbott,D (C),19,"6'1""",0,"1,000",,30/6/2026,3525,Tamworth,Vanarama National League North,1,51,89%,74.0,67.0,6.13,13.63,3.7,74.0,0.0,67.0,74.0,7.48,1.61,67.0,0.71,0.54,13.63,
90055831,Josh Granite,D (C),32,"6'0""",0,525,,30/6/2024,4220,Buxton,Vanarama National League North,1,48,77%,74.0,73.0,10.02,12.73,4.2,74.0,0.0,73.0,74.0,7.06,1.51,73.0,0.64,0.32,12.73,
2000139713,Narel Phillips,D (C),19,"6'0""",0,400,,30/6/2024,2280,Havant & W,Vanarama National League South,1,48,77%,74.0,59.0,5.41,11.53,2.8,74.0,0.0,59.0,74.0,4.38,1.03,59.0,0.67,0.51,11.53,
90083933,Morgan Williams,D (RC),24,"6'2""",0,"1,200",,30/6/2026,2220,Yeovil,Vanarama National League South,1,50,83%,73.0,84.0,8.35,13.09,5.15,73.0,0.0,84.0,73.0,5.15,2.11,84.0,1.7,0.45,13.09,
2000140692,Raphael Araoye,D (LC),19,"6'4""",0,525,,30/6/2025,3654,Havant & W,Vanarama National League South,1,48,86%,73.0,76.0,3.79,21.4,4.36,73.0,0.0,76.0,73.0,6.18,1.38,76.0,0.96,0.54,21.4,
28106284,Jalen Jones,D (C),25,"6'6""",0,180,,-,3240,Aveley,Vanarama National League South,1,44,82%,73.0,67.0,4.17,14.19,2.97,73.0,0.0,67.0,73.0,6.86,1.03,67.0,0.81,0.50,14.19,
29141826,Sam Bone,"D (RC), WB (R)",25,"6'5""",0,700,,30/6/2024,3108,Maidstone,Vanarama National League South,1,50,85%,73.0,78.0,12.28,16.71,4.11,73.0,0.0,78.0,73.0,4.63,2.08,78.0,2.03,0.75,16.71,
29233208,Kacper GruszczyÅski,D (L),20,"5'11""",0,250,,30/6/2024,3798,Warrington,Vanarama National League North,1,44,81%,73.0,83.0,13.77,15.55,4.81,73.0,0.0,83.0,73.0,5.45,2.18,83.0,2.56,1.02,15.55,
2000075967,Alex Touche,D (C),24,"6'4""",0,550,,30/6/2024,4039,Boston Utd,Vanarama National League North,1,58,89%,73.0,83.0,6.55,14.02,4.32,73.0,0.0,83.0,73.0,9.23,1.87,83.0,0.96,0.53,14.02,
29006267,Andrew Boyce,D (C),34,"6'4""",0,"1,200",,30/6/2024,2742,Scunthorpe,Vanarama National League North,1,64,87%,73.0,82.0,9.42,13.88,5.09,73.0,0.0,82.0,73.0,7.55,1.12,82.0,1.02,0.43,13.88,
28099015,Ben Pollock,"D (C), DM, M (C)",26,"6'1""",0,475,,30/6/2025,1202,Spennymoor,Vanarama National League North,1,46,79%,73.0,71.0,9.88,11.83,3.07,73.0,0.0,71.0,73.0,6.66,1.57,71.0,0.75,0.45,11.83,
28106570,Louis Hall,D/WB (L),25,"6'0""",0,180,,30/6/2024,3693,Banbury,Vanarama National League North,1,44,81%,73.0,74.0,13.89,14.67,4.92,73.0,0.0,74.0,73.0,5.31,2.34,74.0,2.0,0.97,14.67,
28110490,Scott Wilson,D (LC),24,"6'1""",0,400,,30/6/2024,4162,Chorley,Vanarama National League North,1,59,86%,73.0,91.0,9.51,13.1,5.1,73.0,0.0,91.0,73.0,4.71,2.18,91.0,1.86,0.76,13.1,
2000143990,Louis Hutchings,D (C),19,"6'1""",0,60,,30/6/2024,3855,Rushall,Vanarama National League North,1,50,81%,73.0,82.0,8.89,12.19,3.76,73.0,0.0,82.0,73.0,5.77,1.12,82.0,1.17,0.51,12.19,
2000144013,Zak Johnson,D (C),19,"6'2""",0,"1,200",,30/6/2026,3943,South Shields,Vanarama National League North,1,50,91%,73.0,83.0,7.24,14.56,8.08,73.0,0.0,83.0,73.0,5.93,2.05,83.0,0.91,0.66,14.56,
2000140700,Jamie Knight-Lebel,D (C),18,"6'2""",0,575,,30/6/2025,1809,Brackley,Vanarama National League North,1,45,83%,73.0,73.0,9.65,15.42,3.48,73.0,0.0,73.0,73.0,9.70,1.69,73.0,1.19,0.35,15.42,
29234385,Luis Fernandez,D (C),22,"6'1""",0,475,,30/6/2026,3629,Hampton & Richmond,Vanarama National League South,1,50,82%,73.0,86.0,4.69,16.84,3.62,73.0,0.0,86.0,73.0,6.30,1.61,86.0,1.04,0.37,16.84,
29193987,Keenan Ferguson,D (R),23,"6'0""",0,350,,30/6/2025,2236,Spennymoor,Vanarama National League North,1,46,83%,73.0,88.0,12.48,14.45,4.43,73.0,0.0,88.0,73.0,4.79,3.18,88.0,3.22,0.68,14.45,
90075628,Matt Curley,D/WB (R),28,"5'9""",0,230,,30/6/2024,3898,Tamworth,Vanarama National League North,1,51,82%,72.0,81.0,13.53,15.7,5.73,72.0,0.0,81.0,72.0,5.68,2.68,81.0,1.64,0.67,15.7,
2000142139,Bayley McCann,D/WB (L),18,"5'11""",0,600,,30/6/2026,1149,Scunthorpe,Vanarama National League North,1,64,88%,72.0,78.0,9.79,13.79,6.89,72.0,0.0,78.0,72.0,3.45,1.96,78.0,2.27,0.78,13.79,
2000260847,Lewis Hudson,D (L),25,"5'9""",0,475,,31/5/2025,3921,Hereford,Vanarama National League North,1,50,82%,72.0,84.0,12.65,12.83,5.37,72.0,0.0,84.0,72.0,3.76,2.43,84.0,2.75,0.62,12.83,
29173563,Ross Marshall,D (C),24,"6'3""",0,500,,30/6/2025,1698,Torquay,Vanarama National League South,1,52,83%,72.0,86.0,4.08,14.05,3.5,72.0,0.0,86.0,72.0,6.52,1.59,86.0,1.01,0.58,14.05,
2000108239,Oscar Halls,D (C),19,"6'2""",0,475,,30/6/2024,4050,Truro,Vanarama National League South,1,48,85%,72.0,70.0,3.91,15.56,3.69,72.0,0.0,70.0,72.0,5.64,1.47,70.0,0.89,0.62,15.56,
29003821,Mark Ellis,D (C),35,"6'2""",0,350,,30/6/2024,4133,Chorley,Vanarama National League North,1,59,85%,72.0,81.0,8.95,10.65,5.49,72.0,0.0,81.0,72.0,5.07,0.87,81.0,0.94,0.35,10.65,
29217916,Duncan Idehen,D (C),21,"5'10""",0,700,,30/6/2024,1525,Worthing,Vanarama National League South,1,50,81%,72.0,92.0,5.08,14.28,3.66,72.0,0.0,92.0,72.0,5.19,1.77,92.0,1.3,0.59,14.28,
2000140865,James Leonard,D (C),19,"5'9""",0,180,,30/6/2024,2938,Bishop's Stortford,Vanarama National League North,1,50,86%,71.0,61.0,7.14,9.07,2.63,71.0,0.0,61.0,71.0,3.52,0.83,61.0,0.67,0.46,9.07,
2000044172,Aidan Coyne,D (C),20,"6'0""",0,475,,30/6/2024,1220,Dover,Vanarama National League South,1,49,84%,71.0,80.0,4.72,14.61,3.17,71.0,0.0,80.0,71.0,5.46,1.18,80.0,0.89,0.89,14.61,
28047460,Andre Wisdom,D (RC),31,"6'1""",0,120,,30/6/2024,4344,Warrington,Vanarama National League North,1,44,81%,71.0,83.0,10.77,13.74,4.6,71.0,0.0,83.0,71.0,6.07,1.80,83.0,1.91,0.56,13.74,
29225855,Tom Harrison,D (C),23,"6'2""",0,325,,30/6/2025,1702,Truro,Vanarama National League South,1,48,79%,71.0,96.0,5.66,11.0,2.96,71.0,0.0,96.0,71.0,5.71,1.43,96.0,1.27,0.32,11.0,
2000105707,Richard Faakye,D (C),19,"6'0""",0,575,,30/6/2024,2669,Taunton,Vanarama National League South,1,50,81%,71.0,67.0,4.69,16.96,4.01,71.0,0.0,67.0,71.0,6.00,1.58,67.0,0.74,0.81,16.96,
29218210,Nico Jones,D (C),22,"6'3""",0,0,,-,1770,Welling,Vanarama National League South,1,46,79%,71.0,83.0,5.19,17.34,4.73,71.0,0.0,83.0,71.0,6.76,0.71,83.0,1.27,0.46,17.34,
28037033,Adam Blakeman,D/WB (L),32,"5'11""",0,525,,30/6/2024,1557,Chorley,Vanarama National League North,1,59,84%,71.0,82.0,16.07,11.62,8.21,71.0,0.0,82.0,71.0,3.47,1.73,82.0,2.31,0.52,11.62,
29231812,Luke Haines,"D (C), DM, M (C)",23,"6'1""",0,230,,30/6/2024,3791,Chippenham,Vanarama National League South,1,51,88%,70.0,73.0,7.72,10.21,4.06,70.0,0.0,73.0,70.0,3.89,1.35,73.0,1.76,0.38,10.21,
29139507,George Fowler,D (RC),26,"6'1""",0,575,,30/6/2024,1890,Maidstone,Vanarama National League South,1,50,82%,70.0,86.0,18.1,9.62,3.9,70.0,0.0,86.0,70.0,4.76,2.43,86.0,1.81,0.71,9.62,
2000048049,Kanye Jobson,D (C),20,"5'11""",0,350,,30/6/2025,3140,Farnborough,Vanarama National League South,1,51,85%,69.0,88.0,4.16,19.15,3.47,69.0,0.0,88.0,69.0,5.02,1.89,88.0,1.0,0.57,19.15,
29128504,Jack Doyle,D (L),27,"5'10""",0,475,,30/6/2024,4393,Southport,Vanarama National League North,1,50,78%,69.0,83.0,14.57,13.95,4.92,69.0,0.0,83.0,69.0,3.63,2.05,83.0,3.07,0.72,13.95,
2000027336,Harry Leeson,D (R),20,"6'0""",0,950,,30/6/2025,1418,Dartford,Vanarama National League South,1,51,83%,69.0,78.0,13.39,11.49,4.82,69.0,0.0,78.0,69.0,5.52,1.97,78.0,2.03,0.51,11.49,
31042033,Joe Grimwood,D (C),23,"6'2""",0,230,,30/6/2024,3284,Braintree,Vanarama National League South,1,50,82%,69.0,72.0,4.47,13.07,3.73,69.0,0.0,72.0,69.0,5.37,1.15,72.0,0.99,0.49,13.07,
90024540,Alex Gudger,D (C),31,"6'0""",0,925,,30/6/2024,3961,Brackley,Vanarama National League North,1,45,83%,69.0,79.0,9.36,12.41,3.5,69.0,0.0,79.0,69.0,7.11,1.27,79.0,0.77,0.52,12.41,
2000141669,Abraham Kanu,D (C),18,"6'2""",0,400,,30/6/2026,2244,Hemel Hempstead,Vanarama National League South,1,46,85%,69.0,63.0,3.29,18.13,3.65,69.0,0.0,63.0,69.0,6.14,1.08,63.0,0.68,0.48,18.13,
29235126,Luke Jenkins,D (C),21,"5'10""",0,230,,-,4763,Chelmsford,Vanarama National League South,1,56,85%,69.0,82.0,5.65,18.16,3.68,69.0,0.0,82.0,69.0,5.12,1.51,82.0,1.42,0.55,18.16,
5112949,Dean Moxey,D (C),38,"6'2""",0,"1,000",,30/6/2024,3337,Torquay,Vanarama National League South,1,52,83%,68.0,88.0,3.86,18.12,4.05,68.0,0.0,88.0,68.0,6.23,1.32,88.0,1.16,0.46,18.12,
2000058107,Bobby Dailly,D (C),20,"6'0""",0,300,,30/6/2025,1108,Scarborough Athletic,Vanarama National League North,1,50,87%,68.0,68.0,9.58,15.51,6.66,68.0,0.0,68.0,68.0,6.99,2.19,68.0,1.38,0.65,15.51,
28030262,Nathan Cameron,D (C),32,"6'2""",0,575,,30/6/2024,3667,Hereford,Vanarama National League North,1,50,83%,68.0,68.0,7.41,10.92,2.28,68.0,0.0,68.0,68.0,6.01,0.96,68.0,0.88,0.69,10.92,
28029487,Paul Downing,D (C),32,"6'1""",0,700,,30/6/2024,1992,Hereford,Vanarama National League North,1,50,84%,68.0,74.0,7.73,13.19,2.94,68.0,0.0,74.0,68.0,6.42,1.22,74.0,0.77,0.54,13.19,
29071976,Sam Minihan,D (R),30,"5'9""",0,350,,30/6/2024,3666,Buxton,Vanarama National League North,1,48,79%,68.0,85.0,17.23,14.98,4.15,68.0,0.0,85.0,68.0,5.52,2.23,85.0,2.04,0.54,14.98,
29179541,Jack James,D/WB (R),24,"6'1""",0,350,,30/6/2024,3506,St. Albans,Vanarama National League South,1,50,82%,68.0,77.0,14.25,8.86,4.7,68.0,0.0,77.0,68.0,4.49,2.52,77.0,2.0,0.74,8.86,
29125468,Michael Ledger,"D (RC), WB (R)",26,"6'1""",0,350,,30/6/2024,3170,Spennymoor,Vanarama National League North,1,46,85%,67.0,82.0,10.5,14.79,3.86,67.0,0.0,82.0,67.0,5.00,2.19,82.0,2.81,0.65,14.79,
28066268,Kyle Callan-McFadden,D (C),29,"6'0""",0,825,,30/6/2024,4168,King's Lynn,Vanarama National League North,1,50,81%,67.0,76.0,10.56,14.12,3.89,67.0,0.0,76.0,67.0,7.28,1.34,76.0,1.17,0.39,14.12,
28047459,Alex Whittle,D (L),31,"5'8""",0,550,,30/6/2026,2261,Yeovil,Vanarama National League South,1,50,85%,67.0,79.0,12.22,13.33,5.89,67.0,0.0,79.0,67.0,4.02,1.79,79.0,2.19,0.80,13.33,
2000121237,Kieran Burton,D (LC),21,"6'2""",0,575,,30/6/2025,2401,Eastbourne Borough,Vanarama National League South,1,57,85%,67.0,73.0,3.97,13.23,4.46,67.0,0.0,73.0,67.0,5.25,1.65,73.0,1.24,0.26,13.23,
2000144010,Will Dowling,M (C),19,"6'2""",0,425,,30/6/2025,2702,Chester,Vanarama National League North,1,47,88%,67.0,70.0,9.79,9.43,4.16,67.0,0.0,70.0,67.0,5.33,1.00,70.0,1.23,0.37,9.43,
85030793,RÃ©my Clerima,D/WB (R),33,"6'2""",0,650,,30/6/2024,1533,Maidenhead,Vanarama National League,1,50,84%,67.0,73.0,16.32,10.8,5.23,67.0,0.0,73.0,67.0,5.64,2.17,73.0,1.41,0.35,10.8,
2000135400,Declan Hutchings,D/M (C),19,"5'11""",0,475,,30/6/2025,3879,Weston-super-Mare,Vanarama National League South,1,50,86%,67.0,86.0,3.48,16.06,4.22,67.0,0.0,86.0,67.0,4.62,1.53,86.0,0.86,0.51,16.06,
90057675,Dwayne Wiley,D (C),32,"6'1""",0,300,,30/6/2024,1551,Alfreton,Vanarama National League North,1,51,76%,67.0,74.0,12.19,14.74,4.24,67.0,0.0,74.0,67.0,5.45,1.97,74.0,1.8,0.35,14.74,
56000036,Shaun Williams,"DM, M (C)",37,"6'0""",0,750,,30/6/2025,1356,Hartlepool,Vanarama National League,1,50,91%,66.0,76.0,8.36,12.15,4.18,66.0,0.0,76.0,66.0,3.65,1.39,76.0,1.46,0.53,12.15,
28115521,Jordan Thomas,D (R),23,"5'10""",0,425,,30/6/2027,3699,Hampton & Richmond,Vanarama National League South,1,50,84%,66.0,83.0,13.11,11.95,5.28,66.0,0.0,83.0,66.0,3.72,2.04,83.0,2.02,0.51,11.95,
2000141028,Roddy McGlinchey,"DM, M (C)",19,"6'2""",0,400,,30/6/2024,1124,Banbury,Vanarama National League North,1,44,87%,66.0,79.0,5.52,7.61,2.8,66.0,0.0,79.0,66.0,3.76,0.80,79.0,0.88,0.24,7.61,
28116464,Cameron Evans,D (C),23,"5'11""",0,230,,-,3220,Taunton,Vanarama National League South,1,50,83%,66.0,74.0,3.75,16.94,4.25,66.0,0.0,74.0,66.0,5.00,1.29,74.0,0.73,0.59,16.94,
90076147,Toby Lees,D (C),27,"6'3""",0,400,,30/6/2024,2444,Darlington,Vanarama National League North,1,49,82%,66.0,75.0,9.83,12.19,5.01,66.0,0.0,75.0,66.0,5.49,1.47,75.0,1.58,0.81,12.19,
2000101650,Kyle Fanning,"D (C), DM",19,"6'4""",0,475,,30/6/2024,1941,Curzon Ashton,Vanarama National League North,1,46,89%,66.0,79.0,7.56,10.2,2.64,66.0,0.0,79.0,66.0,4.03,1.25,79.0,1.76,0.28,10.2,
2000045041,Cianole Nguepissi,D (C),20,"5'11""",0,525,,30/6/2025,3593,Torquay,Vanarama National League South,1,52,87%,66.0,74.0,3.93,16.21,4.18,66.0,0.0,74.0,66.0,5.06,1.25,74.0,0.98,0.50,16.21,
29171001,Ryan Law,D/WB (L),24,"6'0""",0,300,,30/6/2025,3764,Truro,Vanarama National League South,1,48,81%,66.0,87.0,12.43,12.48,4.9,66.0,0.0,87.0,66.0,4.38,1.77,87.0,2.77,0.55,12.48,
28028342,Blair Adams,D/WB (L),32,"5'11""",0,575,,30/6/2024,2596,South Shields,Vanarama National League North,1,50,87%,66.0,84.0,10.64,13.56,8.18,66.0,0.0,84.0,66.0,4.61,2.63,84.0,1.77,0.94,13.56,
2000058113,Kyle Smith,"D (RC), WB (R)",19,"5'8""",0,675,,30/6/2025,3891,Worthing,Vanarama National League South,1,50,89%,65.0,85.0,3.72,14.23,4.23,65.0,0.0,85.0,65.0,5.00,1.43,85.0,0.9,0.56,14.23,
89061033,George Carline,D/WB (R),31,"6'2""",0,825,,30/6/2024,2711,Brackley,Vanarama National League North,1,45,82%,65.0,79.0,16.23,14.31,5.51,65.0,0.0,79.0,65.0,6.31,1.79,79.0,1.76,0.73,14.31,
29219537,Brad Nicholson,D (LC),25,"6'2""",0,325,,30/6/2025,2092,Boston Utd,Vanarama National League North,1,58,82%,65.0,78.0,13.25,14.07,6.75,65.0,0.0,78.0,65.0,4.90,1.94,78.0,1.85,0.73,14.07,
29083573,Bradley Barry,D/WB (R),29,"5'11""",0,"1,200",,30/6/2025,4771,Eastbourne Borough,Vanarama National League South,1,57,85%,65.0,83.0,15.36,11.81,4.0,65.0,0.0,83.0,65.0,3.85,2.47,83.0,2.47,0.47,11.81,
2000105664,Jem Hewlett,D (C),19,"6'2""",0,575,,30/6/2025,3478,Chippenham,Vanarama National League South,1,51,83%,65.0,84.0,3.6,18.99,3.18,65.0,0.0,84.0,65.0,5.28,1.16,84.0,1.09,0.54,18.99,
29191692,Will Dean,DM,23,"5'10""",0,180,,-,3731,Truro,Vanarama National League South,1,48,87%,64.0,77.0,6.61,11.53,4.44,64.0,0.0,77.0,64.0,3.23,1.30,77.0,1.86,0.41,11.53,
89066034,Alfy Whittingham,"DM, M (C)",25,"6'0""",0,475,,30/6/2026,2834,Hampton & Richmond,Vanarama National League South,1,50,89%,64.0,86.0,6.32,12.77,3.97,64.0,0.0,86.0,64.0,2.41,0.95,86.0,1.78,0.44,12.77,
29214239,Reece Staunton,D (C),22,"6'0""",0,350,,30/6/2025,4590,Spennymoor,Vanarama National League North,1,46,83%,64.0,73.0,9.67,11.92,3.59,64.0,0.0,73.0,64.0,3.57,2.27,73.0,0.86,0.67,11.92,
2000280919,Dan Bayliss,D (C),25,"6'0""",0,350,,30/5/2025,4335,Slough,Vanarama National League South,1,50,85%,64.0,72.0,3.72,14.37,3.45,64.0,0.0,72.0,64.0,5.21,1.41,72.0,1.0,0.48,14.37,
2000039630,Kyle Ajayi,D (C),23,"6'2""",0,0,,-,1818,Hemel Hempstead,Vanarama National League South,1,46,83%,64.0,88.0,5.2,12.38,3.71,64.0,0.0,88.0,64.0,5.94,1.39,88.0,1.09,0.40,12.38,
90040871,Ryan Fryatt,D (C),30,"6'1""",0,400,,30/6/2024,2563,Peterborough Sports,Vanarama National League North,1,47,76%,64.0,80.0,11.1,12.92,5.09,64.0,0.0,80.0,64.0,5.41,1.76,80.0,1.26,0.42,12.92,
28059654,Will Hayhurst,D/WB (L),30,"5'9""",0,230,,30/6/2024,3868,Curzon Ashton,Vanarama National League North,1,46,81%,64.0,80.0,14.54,11.8,4.58,64.0,0.0,80.0,64.0,3.93,2.26,80.0,2.05,0.88,11.8,
31035528,Sam Beard,D/WB (L),26,"5'8""",0,"1,000",,30/6/2025,4058,Eastbourne Borough,Vanarama National League South,1,57,84%,64.0,89.0,14.15,12.42,3.3,64.0,0.0,89.0,64.0,2.91,2.93,89.0,2.24,0.80,12.42,
2000040232,Danny Benson,D (C),20,"6'1""",0,850,,30/6/2025,2616,Maidstone,Vanarama National League South,1,50,85%,64.0,79.0,4.64,13.31,3.68,64.0,0.0,79.0,64.0,4.20,2.06,79.0,1.14,0.38,13.31,
29110619,Jason Pope,"D (RC), DM, M (C)",28,"5'11""",0,525,,30/5/2026,4029,Weston-super-Mare,Vanarama National League South,1,50,85%,64.0,65.0,6.08,10.68,3.4,64.0,0.0,65.0,64.0,4.02,1.41,65.0,0.96,0.56,10.68,
29174585,Jack Bodenham,D (C),24,"6'2""",0,400,,30/6/2024,4495,Blyth,Vanarama National League North,1,64,91%,64.0,79.0,8.15,12.99,6.95,64.0,0.0,79.0,64.0,4.93,2.50,79.0,0.9,0.46,12.99,
29191693,Jordan Dyer,D (C),24,"6'0""",0,425,,30/6/2026,2366,Bath City,Vanarama National League South,1,50,86%,63.0,80.0,3.88,17.99,3.39,63.0,0.0,80.0,63.0,4.49,1.29,80.0,0.91,0.30,17.99,
29193653,Dominic Revan,D (C),23,"6'4""",0,475,,30/6/2026,2950,Hampton & Richmond,Vanarama National League South,1,50,84%,63.0,81.0,5.46,16.41,4.48,63.0,0.0,81.0,63.0,5.13,1.37,81.0,1.31,0.61,16.41,
20050511,Richard Bryan,D (R),28,"5'10""",0,825,,30/6/2024,3142,South Shields,Vanarama National League North,1,50,89%,63.0,81.0,9.91,12.63,10.11,63.0,0.0,81.0,63.0,3.67,2.29,81.0,1.49,0.77,12.63,
2000135380,Nana Owusu-Gyimah,D/WB (R),19,"5'10""",0,475,,30/6/2025,1867,Torquay,Vanarama National League South,1,52,83%,63.0,92.0,13.45,12.73,4.92,63.0,0.0,92.0,63.0,4.92,1.74,92.0,2.89,0.48,12.73,
28124739,Cameron Jessup,D (C),21,"6'0""",0,300,,30/6/2024,4406,Darlington,Vanarama National League North,1,49,83%,63.0,82.0,8.91,11.64,5.25,63.0,0.0,82.0,63.0,4.56,1.61,82.0,0.94,0.29,11.64,
2000165812,Eduino Vaz,D (L),20,"6'0""",0,0,,-,3281,Aveley,Vanarama National League South,1,44,83%,63.0,87.0,12.89,12.97,5.6,63.0,0.0,87.0,63.0,3.76,2.19,87.0,2.47,0.74,12.97,
29159617,Mike Calveley,"DM, M (C)",24,"6'1""",0,350,,30/6/2025,4106,Chorley,Vanarama National League North,1,59,86%,63.0,73.0,6.77,7.96,4.82,63.0,0.0,73.0,63.0,2.59,0.90,73.0,1.8,0.31,7.96,
2000198889,Will Larvin,D (C),18,"5'10""",0,325,,30/6/2025,1160,Taunton,Vanarama National League South,1,50,85%,63.0,87.0,4.5,8.92,3.41,63.0,0.0,87.0,63.0,5.28,1.94,87.0,1.01,0.62,8.92,
29072357,Tom Platt,"DM, M (C)",30,"6'1""",0,400,,30/6/2024,4094,Darlington,Vanarama National League North,1,49,87%,63.0,68.0,8.31,9.32,3.89,63.0,0.0,68.0,63.0,3.91,1.49,68.0,1.71,0.42,9.32,
28105657,Owen Gallacher,D/WB (L),25,"5'9""",0,350,,30/6/2024,4098,Spennymoor,Vanarama National League North,1,46,84%,63.0,86.0,12.3,13.97,5.16,63.0,0.0,86.0,63.0,3.93,2.26,86.0,2.28,0.48,13.97,
89061641,Imran Uche,"DM, M (C)",25,"6'4""",0,600,,30/6/2024,2478,Eastbourne Borough,Vanarama National League South,1,57,87%,63.0,74.0,7.23,11.51,3.78,63.0,0.0,74.0,63.0,3.12,1.16,74.0,1.89,0.44,11.51,
29005706,Josh Coulson,D (C),35,"6'3""",0,"1,100",,30/6/2024,3044,King's Lynn,Vanarama National League North,1,50,83%,63.0,78.0,8.96,12.18,3.16,63.0,0.0,78.0,63.0,5.91,1.33,78.0,0.86,0.65,12.18,
29107492,Declan Weeks,"DM, M (C)",28,"5'9""",0,400,,30/6/2026,4424,Chester,Vanarama National League North,1,47,89%,63.0,74.0,10.86,7.97,5.27,63.0,0.0,74.0,63.0,2.56,1.00,74.0,1.4,0.28,7.97,
2000166425,Casey Shann,D/WB (L),20,"6'0""",0,825,,30/6/2025,3927,Worthing,Vanarama National League South,1,50,85%,63.0,86.0,15.01,10.27,6.21,63.0,0.0,86.0,63.0,3.83,2.15,86.0,2.43,0.69,10.27,
2000142141,Nathan James,D (C),19,"6'1""",0,475,,30/6/2024,2436,Maidstone,Vanarama National League South,1,50,88%,62.0,86.0,4.36,16.77,3.99,62.0,0.0,86.0,62.0,5.76,1.48,86.0,1.15,0.55,16.77,
2000036792,Jevon Mills,D (C),20,"6'0""",0,825,,30/6/2024,3921,Maidstone,Vanarama National League South,1,50,83%,62.0,74.0,4.32,16.0,4.29,62.0,0.0,74.0,62.0,5.55,1.26,74.0,0.78,0.55,16.0,
29139318,Cameron James,"DM, M (C)",26,"6'0""",0,550,,30/6/2026,4191,Chelmsford,Vanarama National League South,1,56,85%,62.0,79.0,9.43,13.72,3.52,62.0,0.0,79.0,62.0,3.37,1.31,79.0,1.98,0.41,13.72,
29031124,Chris Atkinson,"DM, M (C)",32,"6'1""",0,275,,30/6/2025,4150,Farsley,Vanarama National League North,1,46,86%,62.0,79.0,9.24,9.48,3.95,62.0,0.0,79.0,62.0,3.14,1.43,79.0,1.67,0.76,9.48,
2000074547,Sebastian Dabrowski,D (L),18,"5'11""",0,750,,30/6/2025,1004,Bath City,Vanarama National League South,1,50,89%,62.0,81.0,13.09,16.4,5.38,62.0,0.0,81.0,62.0,4.03,2.51,81.0,2.69,0.81,16.4,
29187947,Tom Pugh,"DM, M (C)",23,"5'10""",0,850,,30/6/2026,1695,Scunthorpe,Vanarama National League North,1,64,89%,62.0,81.0,7.81,7.86,4.3,62.0,0.0,81.0,62.0,2.81,1.22,81.0,2.28,0.32,7.86,
2000057896,Harrison Burke,D (C),21,"6'2""",0,350,,30/6/2026,4414,Chester,Vanarama National League North,1,47,89%,61.0,69.0,6.48,12.42,5.1,61.0,0.0,69.0,61.0,5.99,1.65,69.0,0.88,0.27,12.42,
152985,Michael Bostwick,D (C),36,"6'4""",0,925,,30/6/2024,3465,Boston Utd,Vanarama National League North,1,58,85%,61.0,81.0,7.9,8.62,5.01,61.0,0.0,81.0,61.0,5.40,1.04,81.0,1.69,0.34,8.62,
2000219410,Sam Odaudu,D (L),21,"6'1""",0,300,,30/5/2025,3579,Dartford,Vanarama National League South,1,51,86%,61.0,82.0,13.2,11.67,4.9,61.0,0.0,82.0,61.0,4.25,2.14,82.0,2.24,0.65,11.67,
89044152,Shamir Mullings,ST (C),30,"6'5""",0,140,,30/6/2025,1095,Truro,Vanarama National League South,1,48,85%,61.0,96.0,22.85,2.63,1.48,61.0,0.0,96.0,61.0,4.85,1.48,96.0,1.89,0.41,2.63,
52001886,Michael Smith,D/WB (R),35,"5'11""",0,"1,700",,30/6/2025,3044,Yeovil,Vanarama National League South,1,50,84%,60.0,88.0,9.73,20.81,5.41,60.0,0.0,88.0,60.0,4.43,1.95,88.0,2.01,0.62,20.81,
2000107842,Harrison Clark,"D (C), DM",21,"6'0""",0,275,,30/6/2025,1490,Blyth,Vanarama National League North,1,64,90%,60.0,86.0,9.72,12.87,8.7,60.0,0.0,86.0,60.0,5.32,1.93,86.0,1.15,0.48,12.87,
5113684,John White,D (C),37,"6'0""",0,240,,30/6/2025,1693,Braintree,Vanarama National League South,1,50,87%,60.0,89.0,4.52,10.84,2.92,60.0,0.0,89.0,60.0,4.84,1.59,89.0,0.85,0.64,10.84,
5109673,Martin Woods,M (C),38,"5'9""",0,400,,30/6/2024,2678,Boston Utd,Vanarama National League North,1,58,84%,60.0,88.0,10.75,7.09,5.81,60.0,0.0,88.0,60.0,3.36,1.04,88.0,2.02,0.60,7.09,
28028945,Lee Hodson,D (R),32,"5'11""",0,825,,30/6/2025,2929,Eastleigh,Vanarama National League,1,54,86%,60.0,78.0,14.23,11.92,4.89,60.0,0.0,78.0,60.0,3.90,1.87,78.0,1.91,0.65,11.92,
20044986,Callum Ross,"DM, M (C)",29,"6'2""",0,475,,30/6/2024,3815,Spennymoor,Vanarama National League North,1,46,87%,60.0,74.0,6.7,8.78,3.68,60.0,0.0,74.0,60.0,2.95,0.99,74.0,2.08,0.28,8.78,
29233083,Andres De Gracia,"DM, M (C)",21,"5'11""",0,325,,30/6/2025,2523,Eastbourne Borough,Vanarama National League South,1,57,87%,60.0,74.0,8.74,11.77,5.21,60.0,0.0,74.0,60.0,2.53,1.57,74.0,1.39,0.39,11.77,
2000105676,Joshua Lett,D (L),19,"5'9""",0,575,,30/6/2025,3546,Weston-super-Mare,Vanarama National League South,1,50,85%,59.0,80.0,15.13,13.83,5.46,59.0,0.0,80.0,59.0,3.22,2.11,80.0,2.01,0.86,13.83,
29191776,Dylan Crowe,D/WB (R),23,"5'11""",0,475,,30/6/2024,2176,King's Lynn,Vanarama National League North,1,50,79%,59.0,79.0,15.97,14.06,4.26,59.0,0.0,79.0,59.0,4.01,2.36,79.0,2.4,0.37,14.06,
2000077960,Azeem Abdulai,"DM, M (C)",21,"6'1""",0,"1,900",,30/6/2025,4140,Yeovil,Vanarama National League South,1,50,89%,59.0,85.0,5.5,16.28,4.41,59.0,0.0,85.0,59.0,3.17,1.35,85.0,2.26,0.43,16.28,
28128056,Joe Oliver,D/WB (R),21,"6'0""",0,375,,30/6/2025,4139,Blyth,Vanarama National League North,1,64,85%,59.0,84.0,18.96,13.2,7.68,59.0,0.0,84.0,59.0,3.22,2.91,84.0,1.8,0.63,13.2,
2000146810,Owen Cochrane,D (R),19,"5'10""",0,400,,30/6/2024,3284,Bishop's Stortford,Vanarama National League North,1,50,84%,59.0,79.0,10.91,11.87,3.48,59.0,0.0,79.0,59.0,3.75,1.56,79.0,2.38,0.74,11.87,
2000059228,Leo Hamblin,D (LC),21,"6'0""",0,0,,-,2526,Weymouth,Vanarama National League South,1,50,82%,58.0,80.0,15.14,10.8,4.81,58.0,0.0,80.0,58.0,3.60,1.75,80.0,2.17,0.78,10.8,
29217427,Aaron Skinner,"D (RLC), WB (R), DM, M (C)",22,"5'9""",0,425,,30/6/2025,3869,Hereford,Vanarama National League North,1,50,82%,58.0,81.0,11.58,14.1,4.33,58.0,0.0,81.0,58.0,3.37,2.72,81.0,2.58,0.77,14.1,
29217526,Blaine Rowe,D/WB (R),22,"5'9""",0,725,,30/6/2024,3452,Darlington,Vanarama National League North,1,49,85%,58.0,84.0,15.83,12.07,4.9,58.0,0.0,84.0,58.0,3.44,2.92,84.0,2.5,0.63,12.07,
2000191712,Brandon Powell,D/WB (L),18,"5'11""",0,775,,30/6/2025,1170,Peterborough Sports,Vanarama National League North,1,47,82%,58.0,84.0,15.38,11.0,4.54,58.0,0.0,84.0,58.0,3.46,2.15,84.0,1.62,0.69,11.0,
94001969,Gareth Dean,D (C),34,"6'2""",0,700,,30/6/2024,4067,Brackley,Vanarama National League North,1,45,86%,57.0,80.0,8.08,10.87,4.32,57.0,0.0,80.0,57.0,4.76,1.13,80.0,1.46,0.69,10.87,
29191368,James Melhado,D/WB (R),23,"6'1""",0,425,,30/6/2025,3578,Truro,Vanarama National League South,1,48,84%,57.0,76.0,14.82,10.54,4.75,57.0,0.0,76.0,57.0,3.09,2.16,76.0,2.19,0.60,10.54,
89068522,Jack Tompkins,D (R),22,"5'8""",0,170,,30/6/2025,3916,Banbury,Vanarama National League North,1,44,84%,57.0,84.0,12.59,12.32,3.4,57.0,0.0,84.0,57.0,3.98,2.55,84.0,2.18,0.67,12.32,
28102600,Joel Taylor,D (L),28,"5'11""",0,400,,30/6/2024,3721,Chester,Vanarama National League North,1,47,82%,57.0,83.0,14.8,13.96,5.9,57.0,0.0,83.0,57.0,3.17,2.06,83.0,2.61,0.34,13.96,
2000108275,Connor Pye,D (L),19,"5'6""",0,525,,30/6/2025,1916,Torquay,Vanarama National League South,1,52,85%,57.0,88.0,10.38,17.05,6.15,57.0,0.0,88.0,57.0,3.19,1.88,88.0,2.87,0.80,17.05,
2000201092,Evan Humphries,D (L),18,"5'8""",0,900,,30/6/2025,1669,Weymouth,Vanarama National League South,1,50,85%,57.0,75.0,13.64,13.0,5.82,57.0,0.0,75.0,57.0,3.45,2.05,75.0,2.26,0.75,13.0,
29194976,Harry Perritt,D (R),23,"6'1""",0,425,,30/6/2025,3927,Alfreton,Vanarama National League North,1,51,80%,56.0,79.0,13.13,14.44,4.7,56.0,0.0,79.0,56.0,3.92,2.61,79.0,2.15,0.69,14.44,
29235372,Ethan Sephton,D (L),24,"5'11""",0,300,,30/6/2025,1960,Gloucester,Vanarama National League North,1,47,86%,56.0,84.0,12.03,12.72,5.74,56.0,0.0,84.0,56.0,3.26,2.20,84.0,2.85,1.19,12.72,
52032604,Jimmy Keohane,"D/WB (RL), DM",33,"5'11""",0,925,,30/6/2024,1836,Rochdale,Vanarama National League,1,50,86%,56.0,84.0,10.05,12.55,4.66,56.0,0.0,84.0,56.0,2.35,1.42,84.0,2.4,0.34,12.55,
31037585,Joel Colbran,D (R),25,"6'1""",0,0,,-,2351,Worthing,Vanarama National League South,1,50,84%,56.0,72.0,10.64,15.89,5.17,56.0,0.0,72.0,56.0,3.60,1.72,72.0,1.57,0.73,15.89,
8611502,James Curtis,D (C),42,"6'7""",0,350,,30/6/2024,1965,Spennymoor,Vanarama National League North,1,46,80%,93.0,75.0,9.39,13.33,3.44,93.0,0.0,75.0,93.0,7.92,0.69,75.0,0.96,0.27,13.33,
2000191835,Lucien Mahovo,D (C),18,"6'2""",0,350,,30/6/2025,3741,Alfreton,Vanarama National League North,1,51,79%,89.0,78.0,9.74,15.61,2.69,89.0,0.0,78.0,89.0,9.26,1.20,78.0,1.03,0.58,15.61,
29128330,Marcus Poscha,D (C),27,"5'11""",0,230,,30/6/2024,3144,Curzon Ashton,Vanarama National League North,1,46,76%,88.0,79.0,12.22,13.63,3.89,88.0,0.0,79.0,88.0,8.19,1.46,79.0,1.32,0.54,13.63,
28127061,Ludwig Francillette,D (C),25,"6'4""",0,"1,100",,30/6/2024,1103,Eastleigh,Vanarama National League,1,54,83%,87.0,92.0,4.73,10.44,3.26,87.0,0.0,92.0,87.0,8.08,1.39,92.0,0.9,0.33,10.44,
89007828,Tom Broadbent,D (C),32,"6'3""",0,925,,30/6/2024,1934,South Shields,Vanarama National League North,1,50,82%,85.0,84.0,10.84,14.33,6.33,85.0,0.0,84.0,85.0,7.59,1.72,84.0,0.74,0.74,14.33,
2000124630,Charlie Hickingbottom,D (C),19,"6'2""",0,475,,30/6/2025,2662,Farsley,Vanarama National League North,1,46,81%,84.0,79.0,9.23,13.59,4.77,84.0,0.0,79.0,84.0,8.18,1.49,79.0,1.01,0.37,13.59,
29037157,Joe McNerney,D (C),34,"6'3""",0,650,,31/5/2025,2191,Havant & W,Vanarama National League South,1,48,78%,83.0,80.0,4.72,14.87,3.82,83.0,0.0,80.0,83.0,8.01,1.27,80.0,1.15,0.53,14.87,
2000044538,Lebrun Mbeka,"D (C), DM",27,"6'6""",0,350,,30/6/2024,3587,Spennymoor,Vanarama National League North,1,46,85%,83.0,78.0,8.53,13.07,3.71,83.0,0.0,78.0,83.0,6.57,1.73,78.0,1.68,0.23,13.07,
29189397,Max Ram,D (RC),23,"6'3""",0,350,,30/6/2024,3971,Gloucester,Vanarama National League North,1,47,86%,82.0,83.0,11.67,16.34,5.1,82.0,0.0,83.0,82.0,7.75,2.40,83.0,2.9,0.75,16.34,
2000139665,Olly Evans,D (LC),19,"6'1""",0,400,,30/6/2024,3191,Bishop's Stortford,Vanarama National League North,1,50,82%,82.0,79.0,10.86,14.3,3.89,82.0,0.0,79.0,82.0,6.43,2.09,79.0,3.13,0.79,14.3,
28100544,Reiss Greenidge,D (C),27,"6'6""",0,650,,30/6/2024,2587,Maidstone,Vanarama National League South,1,50,79%,82.0,71.0,4.77,12.73,4.28,82.0,0.0,71.0,82.0,7.24,1.81,71.0,0.87,0.52,12.73,
90092803,Devon Matthews,D (C),24,"6'3""",0,250,,30/6/2025,3251,Curzon Ashton,Vanarama National League North,1,46,77%,82.0,67.0,11.77,14.62,4.24,82.0,0.0,67.0,82.0,8.47,1.66,67.0,1.05,0.72,14.62,
52100897,Sean Callan,D (C),24,"6'2""",0,325,,30/6/2025,1564,Weston-super-Mare,Vanarama National League South,1,50,87%,81.0,65.0,5.47,14.56,4.43,81.0,0.0,65.0,81.0,6.45,1.67,65.0,0.86,0.40,14.56,
90043947,Jake Lawlor,D (C),33,"6'4""",0,525,,30/6/2024,3636,Darlington,Vanarama National League North,1,49,82%,81.0,84.0,9.6,14.18,4.21,81.0,0.0,84.0,81.0,8.96,1.36,84.0,1.21,0.42,14.18,
29188482,Kevin Berkoe,D/WB/M (L),23,"5'11""",0,325,,30/11/2027,"1,168",Longford,Irish First Division,2,50,86%,63.0,85.0,13.18,14.26,5.78,63.0,0.0,85.0,63.0,3.85,1.54,85.0,3.16,0.85,14.26,
29072743,Zak Mills,D/WB (R),32,"6'0""",0,500,,30/6/2027,"2,009",South Shields,Vanarama National League,2,50,86%,71.0,83.0,13.53,11.33,4.66,71.0,0.0,83.0,71.0,5.15,2.20,83.0,1.70,0.63,11.33,
29233083,Andres De Gracia,"DM, M (C)",22,"5'11""",0,600,Balanced,30/6/2027,"2,997",Eastbourne Borough,Vanarama National League South,2,50,89%,64.0,79.0,8.08,12.58,4.95,64.0,0.0,79.0,64.0,2.73,0.99,79.0,1.77,0.24,12.58,
29157526,Ben Hedley,D/WB (RL),26,"5'10""",0,575,Balanced,30/6/2026,"3,780",Radcliffe,English Northern Premier League Premier Division,2,49,85%,72.0,81.0,12.12,11.57,5.17,72.0,0.0,81.0,72.0,4.50,2.12,81.0,1.86,0.40,11.57,
29243919,Sam Dreyer,D (C),22,"6'3""",0,375,,30/6/2026,"3,989",Salisbury,Vanarama National League South,2,50,85%,77.0,82.0,4.35,16.58,3.09,77.0,0.0,82.0,77.0,6.11,1.31,82.0,0.95,0.59,16.58,
89070937,George Sheridan,"D (C), DM, M (C)",22,"6'0""",0,55,Balanced,30/6/2026,"3,223",Oxford City,Vanarama National League North,2,46,88%,56.0,72.0,9.13,10.47,3.8,56.0,0.0,72.0,56.0,2.90,1.42,72.0,2.21,0.59,10.47,
2000027046,Mathew Mallon,D (R),21,"6'3""",0,625,,30/6/2026,"3,910",Chester,Vanarama National League North,2,50,79%,87.0,86.0,15.84,18.55,4.1,87.0,0.0,86.0,87.0,9.00,2.79,86.0,2.23,0.55,18.55,
29139894,Connor Johnson,D (C),27,"6'1""",0,325,Balanced,30/6/2026,"3,246",Haverfordwest,JD Cymru Premier,2,50,85%,66.0,69.0,3.13,19.27,3.41,66.0,0.0,69.0,66.0,4.96,1.33,69.0,0.75,0.55,19.27,
28126250,Kwaku Oduroh,WB (R),22,"6'0""",0,700,,30/6/2026,"1,067",Sutton,Sky Bet League Two,2,50,87%,63.0,90.0,17.21,9.78,4.13,63.0,0.0,90.0,63.0,3.37,2.02,90.0,2.28,0.76,9.78,
28127268,Eddie Jackson,D (R),22,"5'9""",0,170,Determined,30/6/2026,"2,381",Connah's Quay,JD Cymru Premier,2,50,82%,70.0,71.0,11.83,11.49,4.57,70.0,0.0,71.0,70.0,4.61,2.31,71.0,1.36,0.45,11.49,
2000091553,CJ Clarke,"D (R), DM, M (C)",22,"5'10""",0,500,Balanced,30/6/2026,"2,072",South Shields,Vanarama National League,2,50,88%,62.0,77.0,11.86,9.03,3.95,62.0,0.0,77.0,62.0,1.87,1.26,77.0,1.91,0.17,9.03,
2000048045,Ryan Bartley,D (C),21,"5'11""",0,925,,30/6/2026,"1,234",Forest Green,Sky Bet League Two,2,50,82%,75.0,74.0,8.17,6.42,3.72,75.0,0.0,74.0,75.0,5.18,1.31,74.0,1.02,0.80,6.42,
29128545,Kyron Farrell,D/WB/M (L),27,"5'11""",0,300,Balanced,30/6/2026,"4,350",Bath City,Vanarama National League South,2,50,85%,70.0,74.0,13.14,13.1,5.83,70.0,0.0,74.0,70.0,4.41,2.23,74.0,2.40,0.64,13.1,
2000110565,Dan Myers,D (LC),23,"6'1""",0,240,Balanced,30/6/2026,"2,501",Spennymoor,Vanarama National League North,2,44,85%,74.0,80.0,10.47,14.14,4.61,74.0,0.0,80.0,74.0,6.77,1.40,80.0,2.38,0.72,14.14,
2000117449,Harry Scarborough,"AM (R), ST (C)",22,"6'3""",0,325,Balanced,30/6/2026,"1,165",Boston Utd,Vanarama National League North,2,50,85%,67.0,75.0,10.12,4.94,1.16,67.0,0.0,75.0,67.0,7.18,0.70,75.0,0.93,-,4.94,
28124744,Cardo Siddik,D (C),22,"6'3""",0,600,Balanced,30/6/2025,"3,587",Darlington,Vanarama National League North,2,48,84%,85.0,73.0,9.66,14.38,4.89,85.0,0.0,73.0,85.0,8.23,1.43,73.0,1.33,0.63,14.38,
29219537,Brad Nicholson,"D (LC), WB (L)",26,"6'2""",0,325,Balanced,30/6/2025,"3,576",Boston Utd,Vanarama National League North,2,50,84%,62.0,78.0,13.69,10.17,4.58,62.0,0.0,78.0,62.0,3.35,1.76,78.0,2.09,0.45,10.17,
2000130212,Jayden Barber,D/WB (R),19,"6'3""",0,475,Fairly Determined,30/6/2025,"1,912",Worthing,Vanarama National League,2,50,85%,64.0,80.0,15.96,12.43,5.7,64.0,0.0,80.0,64.0,4.10,1.98,80.0,2.21,0.19,12.43,
2000207269,Harvey Fletcher,"DM, M (C), AM (R)",18,"5'3""",0,275,Balanced,30/6/2025,"1,657",Hyde,English Northern Premier League Premier Division,2,50,72%,75.0,74.0,0.33,0.6,0.33,75.0,0.0,74.0,75.0,0.33,0.16,74.0,2.17,-,0.6,
2000055713,Michael Stone,M (C),20,"5'9""",0,475,,30/6/2025,"3,150",Mickleover,English Isthmian League North Division,2,50,72%,63.0,75.0,0.11,0.31,0.2,63.0,0.0,75.0,63.0,0.14,0.06,75.0,1.97,-,0.31,
29160404,Sam Fielding,"D (RC), DM, M (C)",26,"6'2""",0,275,Balanced,30/6/2025,"2,535",Spennymoor,Vanarama National League North,2,44,88%,57.0,71.0,8.17,9.73,5.11,57.0,0.0,71.0,57.0,2.45,1.38,71.0,1.85,0.50,9.73,
2000135239,Edward Gyamfi,"D (R), DM, M (C)",21,"5'10""",0,325,Balanced,30/6/2025,"3,838",Tamworth,Vanarama National League North,2,53,87%,62.0,73.0,6.64,8.82,3.05,62.0,0.0,73.0,62.0,2.16,1.27,73.0,1.45,0.35,8.82,
28099015,Ben Pollock,"D (C), DM, M (C)",27,"6'1""",0,475,Balanced,30/6/2025,"3,237",Spennymoor,Vanarama National League North,2,44,79%,71.0,80.0,9.87,12.85,3.53,71.0,0.0,80.0,71.0,6.34,0.97,80.0,0.89,0.36,12.85,
2002083560,Yusuf Ulusoy,D (L),25,"5'10""",0,300,Light-Hearted,30/6/2025,"1,438",Leamington,Vanarama National League North,2,52,82%,62.0,82.0,11.33,14.65,4.69,62.0,0.0,82.0,62.0,4.76,2.07,82.0,2.88,1.13,14.65,
29226266,Luca Murphy,D (C),23,"6'4""",0,475,Balanced,30/6/2025,"2,031",Blyth,Vanarama National League North,2,69,90%,84.0,68.0,8.11,12.94,6.51,84.0,0.0,68.0,84.0,7.71,0.97,68.0,0.58,0.80,12.94,
2000042595,Jack Leckie,D (C),21,"6'6""",0,0,,-,"2,433",Warrington,Vanarama National League North,2,47,73%,64.0,74.0,11.28,13.76,3.33,64.0,0.0,74.0,64.0,5.59,1.29,74.0,1.37,0.81,13.76,
2000052149,Harvey Sutcliffe,D (R),21,"5'9""",0,0,,-,"2,006",Penybont,JD Cymru Premier,2,50,85%,61.0,91.0,14.18,11.93,5.7,61.0,0.0,91.0,61.0,3.77,1.48,91.0,2.29,0.58,11.93,
89061032,Jordan Cullinane-Liburd,D (C),29,"6'3""",0,0,,-,"3,501",Tamworth,Vanarama National League North,2,53,81%,83.0,71.0,14.32,15.5,4.22,83.0,0.0,71.0,83.0,8.71,1.47,71.0,1.05,0.46,15.5,
2000207729,Harvey Warren,D (RC),21,"6'1""",0,0,Balanced,-,"1,134",Leamington,Vanarama National League North,2,52,83%,71.0,72.0,9.92,14.37,3.17,71.0,0.0,72.0,71.0,6.51,1.83,72.0,1.03,0.32,14.37,
28048010,Matt Dolan,"D (C), DM",32,"5'9""",0,325,,30/6/2025,"3,273",Scarborough Athletic,Vanarama National League,2,50,86%,63.0,73.0,3.74,15.73,4.12,63.0,0.0,73.0,63.0,4.65,1.18,73.0,0.99,0.41,15.73,
