UID,Name,Position,Age,Height,Min WD,Wage,Personality,Expires,Mins,Club,Division,season,possession,Pas %,Hdr %,Tck R,Poss Lost/90,Poss Won/90,Pr passes/90,Pass %,Pr passes/90,Poss Lost/90,Tck/90,Pr passes/90,Hdrs W/90,Hdr %
2000068477,Áurio Neto-Teixeira,"DM, M/AM (C)",23,"5'3""","1,000",575,Balanced,,1823,Hereford,Vanarama National League North,0,46,,0.0,71.0,9.51,9.53,5.53,0.0,5.53,9.51,2.91,5.53,0.54,0.0
2000230759,Jack Ball,D (RLC),32,"6'2""",130,180,Balanced,30/6/2026,1000,Leamington,Vanarama National League North,0,50,,0.0,70.0,10.89,13.41,6.21,0.0,6.21,10.89,2.07,6.21,3.87,0.0
2000199182,Stafford Clarke,"DM, M (C)",20,"6'2""",325,160,Balanced,30/6/2026,3963,Curzon Ashton,Vanarama National League North,0,44,,0.0,70.0,7.46,10.13,4.41,0.0,4.41,7.46,2.43,4.41,2.48,0.0
29151021,Cameron Salkeld,"WB (R), M/AM (RL), ST (C)",25,"6'0""",0,475,,30/6/2024,1106,Darlington,Vanarama National League North,1,49,85%,39.0,78.0,14.12,10.17,5.21,0.0,5.21,14.12,2.85,5.21,2.20,39.0
28124744,Cardo Siddik,D (C),21,"6'3""",400,575,,30/6/2025,2101,Darlington,Vanarama National League North,1,49,85%,81.0,75.0,8.82,15.68,4.58,0.0,4.58,8.82,1.29,4.58,8.44,81.0
90049334,Will Thornton,D (C),26,"6'3""",525,350,,30/6/2024,4327,Scarborough Athletic,Vanarama National League North,1,50,78%,72.0,76.0,11.88,12.17,4.45,0.0,4.45,11.88,0.98,4.45,7.61,72.0
28100474,Jack Evans,"DM, M (C)",26,"6'1""",300,0,,-,1072,Farsley,Vanarama National League North,1,46,87%,47.0,86.0,7.69,9.82,4.37,0.0,4.37,7.69,2.6,4.37,2.27,47.0
29194271,Tom Leak,D (C),23,"6'2""",0,400,,30/6/2024,4106,Boston Utd,Vanarama National League North,1,58,87%,80.0,79.0,10.15,15.26,5.37,0.0,5.37,10.15,0.75,5.37,8.57,80.0
29158250,Harvey Smith,D (C),25,"6'0""",0,400,,30/6/2024,3362,Chorley,Vanarama National League North,1,59,84%,80.0,80.0,11.82,13.06,5.09,0.0,5.09,11.82,1.26,5.09,7.82,80.0
29176525,Max Hunt,D (C),25,"6'6""",0,400,,30/6/2024,4307,Buxton,Vanarama National League North,1,48,83%,80.0,83.0,7.78,14.21,4.28,0.0,4.28,7.78,0.94,4.28,8.59,80.0
2000141112,Will Armitage,D (C),19,"6'3""",0,575,,30/6/2026,4498,South Shields,Vanarama National League North,1,50,92%,79.0,77.0,6.04,13.75,7.54,0.0,7.54,6.04,0.68,7.54,6.86,79.0
57149460,Moses Makinde,D (L),31,"6'1""",0,600,,30/6/2025,1727,South Shields,Vanarama National League North,1,50,85%,77.0,77.0,12.92,15.43,9.07,0.0,9.07,12.92,1.93,9.07,5.84,77.0
29023464,Aarran Racine,D (C),32,"6'2""",0,300,,30/6/2025,2570,Tonbridge,Vanarama National League South,1,48,86%,77.0,81.0,3.94,14.78,4.38,0.0,4.38,3.94,0.91,4.38,6.37,77.0
90057700,Jamie Willets,D (C),31,"6'3""",0,180,,30/6/2024,4501,Tamworth,Vanarama National League North,1,51,80%,77.0,70.0,10.9,13.96,4.56,0.0,4.56,10.9,0.7,4.56,7.08,77.0
28028403,Conor Branson,"DM, M (C)",32,"6'2""",0,300,,30/6/2024,2947,Farsley,Vanarama National League North,1,46,85%,77.0,71.0,8.06,11.27,4.83,0.0,4.83,8.06,1.92,4.83,5.13,77.0
2000022079,Ethan Sutcliffe,D (C),20,"6'1""",0,375,,30/6/2025,1165,Scunthorpe,Vanarama National League North,1,64,90%,77.0,75.0,9.97,13.91,4.48,0.0,4.48,9.97,0.46,4.48,7.88,77.0
28049315,Zaine Francis-Angol,D/WB (L),30,"5'8""",0,475,,30/6/2024,3085,Buxton,Vanarama National League North,1,48,84%,77.0,83.0,11.05,14.0,7.32,0.0,7.32,11.05,2.28,7.32,4.29,77.0
29146151,Maxim Kouogun,D (C),27,"6'3""",0,875,,30/6/2025,2941,Scunthorpe,Vanarama National League North,1,64,85%,76.0,68.0,13.35,16.04,4.28,0.0,4.28,13.35,0.92,4.28,7.80,76.0
29038155,Blaine Hudson,D (C),32,"6'5""",0,300,,30/6/2025,2330,Chelmsford,Vanarama National League South,1,56,79%,76.0,75.0,5.97,19.58,4.4,0.0,4.4,5.97,0.81,4.4,6.72,76.0
52070952,Gary Boylan,"D (R), M (C)",28,"6'0""",0,450,,30/6/2025,2116,Weston-super-Mare,Vanarama National League South,1,50,84%,76.0,78.0,13.14,13.65,4.68,0.0,4.68,13.14,1.62,4.68,5.49,76.0
28095453,Liam Edwards,D (C),27,"6'3""",0,525,,30/6/2024,3311,Chester,Vanarama National League North,1,47,87%,75.0,67.0,8.1,14.81,5.27,0.0,5.27,8.1,0.71,5.27,7.37,75.0
2000108352,Charlie Hayes-Green,D (C),19,"6'0""",0,575,,30/6/2025,1260,Peterborough Sports,Vanarama National League North,1,47,85%,75.0,91.0,10.1,15.21,4.71,0.0,4.71,10.1,1.43,4.71,6.29,75.0
29128545,Kyron Farrell,D (L),26,"5'11""",0,250,,30/6/2024,3999,Tamworth,Vanarama National League North,1,51,81%,75.0,82.0,13.96,15.71,7.29,0.0,7.29,13.96,2.14,7.29,5.09,75.0
28094135,Evan Gumbs,D (C),26,"5'10""",0,180,,30/6/2024,3750,Warrington,Vanarama National League North,1,44,80%,75.0,82.0,9.04,13.63,4.27,0.0,4.27,9.04,1.54,4.27,6.17,75.0
2000255196,Jet Dyer,D (LC),19,"6'4""",0,350,,30/6/2025,2224,Aveley,Vanarama National League South,1,44,87%,75.0,81.0,7.62,13.15,4.45,0.0,4.45,7.62,1.7,4.45,6.07,75.0
29128162,Bailey Gooda,D (C),27,"5'9""",0,475,,30/6/2025,4539,Scarborough Athletic,Vanarama National League North,1,50,87%,74.0,70.0,7.38,13.38,4.7,0.0,4.7,7.38,1.03,4.7,5.83,74.0
2000192695,Keilen Robinson,D (C),18,"6'1""",0,475,,30/6/2025,1080,Chester,Vanarama National League North,1,47,85%,74.0,69.0,8.89,14.25,5.0,0.0,5.0,8.89,0.75,5.0,8.67,74.0
2000187733,Fuad Adeniyi,D (C),29,"6'0""",0,525,,30/6/2025,1668,Weymouth,Vanarama National League South,1,50,81%,74.0,76.0,3.94,12.63,4.21,0.0,4.21,3.94,1.19,4.21,5.45,74.0
90055831,Josh Granite,D (C),32,"6'0""",0,525,,30/6/2024,4220,Buxton,Vanarama National League North,1,48,77%,74.0,73.0,9.63,12.73,4.2,0.0,4.2,9.63,0.64,4.2,7.06,74.0
90083933,Morgan Williams,D (RC),24,"6'2""",0,"1,200",,30/6/2026,2220,Yeovil,Vanarama National League South,1,50,83%,73.0,84.0,8.35,13.09,5.15,0.0,5.15,8.35,1.7,5.15,5.15,73.0
2000140692,Raphael Araoye,D (LC),19,"6'4""",0,525,,30/6/2025,3654,Havant & W,Vanarama National League South,1,48,86%,73.0,76.0,3.64,21.4,4.36,0.0,4.36,3.64,0.96,4.36,6.18,73.0
29233208,Kacper GruszczyÅski,D (L),20,"5'11""",0,250,,30/6/2024,3798,Warrington,Vanarama National League North,1,44,81%,73.0,83.0,12.29,15.55,4.81,0.0,4.81,12.29,2.56,4.81,5.45,73.0
2000075967,Alex Touche,D (C),24,"6'4""",0,550,,30/6/2024,4039,Boston Utd,Vanarama National League North,1,58,89%,73.0,83.0,7.8,14.02,4.32,0.0,4.32,7.8,0.96,4.32,9.23,73.0
29006267,Andrew Boyce,D (C),34,"6'4""",0,"1,200",,30/6/2024,2742,Scunthorpe,Vanarama National League North,1,64,87%,73.0,82.0,13.08,13.88,5.09,0.0,5.09,13.08,1.02,5.09,7.55,73.0
28106570,Louis Hall,D/WB (L),25,"6'0""",0,180,,30/6/2024,3693,Banbury,Vanarama National League North,1,44,81%,73.0,74.0,12.4,14.67,4.92,0.0,4.92,12.4,2.0,4.92,5.31,73.0
28110490,Scott Wilson,D (LC),24,"6'1""",0,400,,30/6/2024,4162,Chorley,Vanarama National League North,1,59,86%,73.0,91.0,11.6,13.1,5.1,0.0,5.1,11.6,1.86,5.1,4.71,73.0
2000144013,Zak Johnson,D (C),19,"6'2""",0,"1,200",,30/6/2026,3943,South Shields,Vanarama National League North,1,50,91%,73.0,83.0,7.24,14.56,8.08,0.0,8.08,7.24,0.91,8.08,5.93,73.0
29193987,Keenan Ferguson,D (R),23,"6'0""",0,350,,30/6/2025,2236,Spennymoor,Vanarama National League North,1,46,83%,73.0,88.0,11.56,14.45,4.43,0.0,4.43,11.56,3.22,4.43,4.79,73.0
90075628,Matt Curley,D/WB (R),28,"5'9""",0,230,,30/6/2024,3898,Tamworth,Vanarama National League North,1,51,82%,72.0,81.0,13.81,15.7,5.73,0.0,5.73,13.81,1.64,5.73,5.68,72.0
2000142139,Bayley McCann,D/WB (L),18,"5'11""",0,600,,30/6/2026,1149,Scunthorpe,Vanarama National League North,1,64,88%,72.0,78.0,13.6,13.79,6.89,0.0,6.89,13.6,2.27,6.89,3.45,72.0
2000260847,Lewis Hudson,D (L),25,"5'9""",0,475,,31/5/2025,3921,Hereford,Vanarama National League North,1,50,82%,72.0,84.0,12.65,12.83,5.37,0.0,5.37,12.65,2.75,5.37,3.76,72.0
29003821,Mark Ellis,D (C),35,"6'2""",0,350,,30/6/2024,4133,Chorley,Vanarama National League North,1,59,85%,72.0,81.0,10.91,10.65,5.49,0.0,5.49,10.91,0.94,5.49,5.07,72.0
28047460,Andre Wisdom,D (RC),31,"6'1""",0,120,,30/6/2024,4344,Warrington,Vanarama National League North,1,44,81%,71.0,83.0,9.62,13.74,4.6,0.0,4.6,9.62,1.91,4.6,6.07,71.0
29218210,Nico Jones,D (C),22,"6'3""",0,0,,-,1770,Welling,Vanarama National League South,1,46,79%,71.0,83.0,4.81,17.34,4.73,0.0,4.73,4.81,1.27,4.73,6.76,71.0
2000027336,Harry Leeson,D (R),20,"6'0""",0,950,,30/6/2025,1418,Dartford,Vanarama National League South,1,51,83%,69.0,78.0,13.66,11.49,4.82,0.0,4.82,13.66,2.03,4.82,5.52,69.0
2000058107,Bobby Dailly,D (C),20,"6'0""",0,300,,30/6/2025,1108,Scarborough Athletic,Vanarama National League North,1,50,87%,68.0,68.0,9.58,15.51,6.66,0.0,6.66,9.58,1.38,6.66,6.99,68.0
29179541,Jack James,D/WB (R),24,"6'1""",0,350,,30/6/2024,3506,St. Albans,Vanarama National League South,1,50,82%,68.0,77.0,14.25,8.86,4.7,0.0,4.7,14.25,2.0,4.7,4.49,68.0
28047459,Alex Whittle,D (L),31,"5'8""",0,550,,30/6/2026,2261,Yeovil,Vanarama National League South,1,50,85%,67.0,79.0,12.22,13.33,5.89,0.0,5.89,12.22,2.19,5.89,4.02,67.0
2000121237,Kieran Burton,D (LC),21,"6'2""",0,575,,30/6/2025,2401,Eastbourne Borough,Vanarama National League South,1,57,85%,67.0,73.0,4.62,13.23,4.46,0.0,4.46,4.62,1.24,4.46,5.25,67.0
2000135400,Declan Hutchings,D/M (C),19,"5'11""",0,475,,30/6/2025,3879,Weston-super-Mare,Vanarama National League South,1,50,86%,67.0,86.0,3.48,16.06,4.22,0.0,4.22,3.48,0.86,4.22,4.62,67.0
90057675,Dwayne Wiley,D (C),32,"6'1""",0,300,,30/6/2024,1551,Alfreton,Vanarama National League North,1,51,76%,67.0,74.0,12.44,14.74,4.24,0.0,4.24,12.44,1.8,4.24,5.45,67.0
28115521,Jordan Thomas,D (R),23,"5'10""",0,425,,30/6/2027,3699,Hampton & Richmond,Vanarama National League South,1,50,84%,66.0,83.0,13.11,11.95,5.28,0.0,5.28,13.11,2.02,5.28,3.72,66.0
28116464,Cameron Evans,D (C),23,"5'11""",0,230,,-,3220,Taunton,Vanarama National League South,1,50,83%,66.0,74.0,3.75,16.94,4.25,0.0,4.25,3.75,0.73,4.25,5.00,66.0
90076147,Toby Lees,D (C),27,"6'3""",0,400,,30/6/2024,2444,Darlington,Vanarama National League North,1,49,82%,66.0,75.0,9.64,12.19,5.01,0.0,5.01,9.64,1.58,5.01,5.49,66.0
29171001,Ryan Law,D/WB (L),24,"6'0""",0,300,,30/6/2025,3764,Truro,Vanarama National League South,1,48,81%,66.0,87.0,11.95,12.48,4.9,0.0,4.9,11.95,2.77,4.9,4.38,66.0
28028342,Blair Adams,D/WB (L),32,"5'11""",0,575,,30/6/2024,2596,South Shields,Vanarama National League North,1,50,87%,66.0,84.0,10.64,13.56,8.18,0.0,8.18,10.64,1.77,8.18,4.61,66.0
2000058113,Kyle Smith,"D (RC), WB (R)",19,"5'8""",0,675,,30/6/2025,3891,Worthing,Vanarama National League South,1,50,89%,65.0,85.0,3.72,14.23,4.23,0.0,4.23,3.72,0.9,4.23,5.00,65.0
29191692,Will Dean,DM,23,"5'10""",0,180,,-,3731,Truro,Vanarama National League South,1,48,87%,64.0,77.0,6.36,11.53,4.44,0.0,4.44,6.36,1.86,4.44,3.23,64.0
90040871,Ryan Fryatt,D (C),30,"6'1""",0,400,,30/6/2024,2563,Peterborough Sports,Vanarama National League North,1,47,76%,64.0,80.0,10.47,12.92,5.09,0.0,5.09,10.47,1.26,5.09,5.41,64.0
28059654,Will Hayhurst,D/WB (L),30,"5'9""",0,230,,30/6/2024,3868,Curzon Ashton,Vanarama National League North,1,46,81%,64.0,80.0,13.46,11.8,4.58,0.0,4.58,13.46,2.05,4.58,3.93,64.0
29174585,Jack Bodenham,D (C),24,"6'2""",0,400,,30/6/2024,4495,Blyth,Vanarama National League North,1,64,91%,64.0,79.0,11.32,12.99,6.95,0.0,6.95,11.32,0.9,6.95,4.93,64.0
29193653,Dominic Revan,D (C),23,"6'4""",0,475,,30/6/2026,2950,Hampton & Richmond,Vanarama National League South,1,50,84%,63.0,81.0,5.46,16.41,4.48,0.0,4.48,5.46,1.31,4.48,5.13,63.0
20050511,Richard Bryan,D (R),28,"5'10""",0,825,,30/6/2024,3142,South Shields,Vanarama National League North,1,50,89%,63.0,81.0,9.91,12.63,10.11,0.0,10.11,9.91,1.49,10.11,3.67,63.0
2000135380,Nana Owusu-Gyimah,D/WB (R),19,"5'10""",0,475,,30/6/2025,1867,Torquay,Vanarama National League South,1,52,83%,63.0,92.0,14.01,12.73,4.92,0.0,4.92,14.01,2.89,4.92,4.92,63.0
28124739,Cameron Jessup,D (C),21,"6'0""",0,300,,30/6/2024,4406,Darlington,Vanarama National League North,1,49,83%,63.0,82.0,8.74,11.64,5.25,0.0,5.25,8.74,0.94,5.25,4.56,63.0
2000165812,Eduino Vaz,D (L),20,"6'0""",0,0,,-,3281,Aveley,Vanarama National League South,1,44,83%,63.0,87.0,11.51,12.97,5.6,0.0,5.6,11.51,2.47,5.6,3.76,63.0
29159617,Mike Calveley,"DM, M (C)",24,"6'1""",0,350,,30/6/2025,4106,Chorley,Vanarama National League North,1,59,86%,63.0,73.0,8.26,7.96,4.82,0.0,4.82,8.26,1.8,4.82,2.59,63.0
28105657,Owen Gallacher,D/WB (L),25,"5'9""",0,350,,30/6/2024,4098,Spennymoor,Vanarama National League North,1,46,84%,63.0,86.0,11.39,13.97,5.16,0.0,5.16,11.39,2.28,5.16,3.93,63.0
29107492,Declan Weeks,"DM, M (C)",28,"5'9""",0,400,,30/6/2026,4424,Chester,Vanarama National League North,1,47,89%,63.0,74.0,10.25,7.97,5.27,0.0,5.27,10.25,1.4,5.27,2.56,63.0
2000036792,Jevon Mills,D (C),20,"6'0""",0,825,,30/6/2024,3921,Maidstone,Vanarama National League South,1,50,83%,62.0,74.0,4.32,16.0,4.29,0.0,4.29,4.32,0.78,4.29,5.55,62.0
2000074547,Sebastian Dabrowski,D (L),18,"5'11""",0,750,,30/6/2025,1004,Bath City,Vanarama National League South,1,50,89%,62.0,81.0,13.09,16.4,5.38,0.0,5.38,13.09,2.69,5.38,4.03,62.0
29187947,Tom Pugh,"DM, M (C)",23,"5'10""",0,850,,30/6/2026,1695,Scunthorpe,Vanarama National League North,1,64,89%,62.0,81.0,10.85,7.86,4.3,0.0,4.3,10.85,2.28,4.3,2.81,62.0
2000057896,Harrison Burke,D (C),21,"6'2""",0,350,,30/6/2026,4414,Chester,Vanarama National League North,1,47,89%,61.0,69.0,6.11,12.42,5.1,0.0,5.1,6.11,0.88,5.1,5.99,61.0
152985,Michael Bostwick,D (C),36,"6'4""",0,925,,30/6/2024,3465,Boston Utd,Vanarama National League North,1,58,85%,61.0,81.0,9.4,8.62,5.01,0.0,5.01,9.4,1.69,5.01,5.40,61.0
2000219410,Sam Odaudu,D (L),21,"6'1""",0,300,,30/5/2025,3579,Dartford,Vanarama National League South,1,51,86%,61.0,82.0,13.47,11.67,4.9,0.0,4.9,13.47,2.24,4.9,4.25,61.0
52001886,Michael Smith,D/WB (R),35,"5'11""",0,"1,700",,30/6/2025,3044,Yeovil,Vanarama National League South,1,50,84%,60.0,88.0,9.73,20.81,5.41,0.0,5.41,9.73,2.01,5.41,4.43,60.0
2000107842,Harrison Clark,"D (C), DM",21,"6'0""",0,275,,30/6/2025,1490,Blyth,Vanarama National League North,1,64,90%,60.0,86.0,13.5,12.87,8.7,0.0,8.7,13.5,1.15,8.7,5.32,60.0
5109673,Martin Woods,M (C),38,"5'9""",0,400,,30/6/2024,2678,Boston Utd,Vanarama National League North,1,58,84%,60.0,88.0,12.8,7.09,5.81,0.0,5.81,12.8,2.02,5.81,3.36,60.0
29233083,Andres De Gracia,"DM, M (C)",21,"5'11""",0,325,,30/6/2025,2523,Eastbourne Borough,Vanarama National League South,1,57,87%,60.0,74.0,10.16,11.77,5.21,0.0,5.21,10.16,1.39,5.21,2.53,60.0
2000077960,Azeem Abdulai,"DM, M (C)",21,"6'1""",0,"1,900",,30/6/2025,4140,Yeovil,Vanarama National League South,1,50,89%,59.0,85.0,5.5,16.28,4.41,0.0,4.41,5.5,2.26,4.41,3.17,59.0
29217427,Aaron Skinner,"D (RLC), WB (R), DM, M (C)",22,"5'9""",0,425,,30/6/2025,3869,Hereford,Vanarama National League North,1,50,82%,58.0,81.0,11.58,14.1,4.33,0.0,4.33,11.58,2.58,4.33,3.37,58.0
94001969,Gareth Dean,D (C),34,"6'2""",0,700,,30/6/2024,4067,Brackley,Vanarama National League North,1,45,86%,57.0,80.0,7.35,10.87,4.32,0.0,4.32,7.35,1.46,4.32,4.76,57.0
29191368,James Melhado,D/WB (R),23,"6'1""",0,425,,30/6/2025,3578,Truro,Vanarama National League South,1,48,84%,57.0,76.0,14.25,10.54,4.75,0.0,4.75,14.25,2.19,4.75,3.09,57.0
28102600,Joel Taylor,D (L),28,"5'11""",0,400,,30/6/2024,3721,Chester,Vanarama National League North,1,47,82%,57.0,83.0,13.96,13.96,5.9,0.0,5.9,13.96,2.61,5.9,3.17,57.0
2000108275,Connor Pye,D (L),19,"5'6""",0,525,,30/6/2025,1916,Torquay,Vanarama National League South,1,52,85%,57.0,88.0,10.81,17.05,6.15,0.0,6.15,10.81,2.87,6.15,3.19,57.0
2000201092,Evan Humphries,D (L),18,"5'8""",0,900,,30/6/2025,1669,Weymouth,Vanarama National League South,1,50,85%,57.0,75.0,13.64,13.0,5.82,0.0,5.82,13.64,2.26,5.82,3.45,57.0
29194976,Harry Perritt,D (R),23,"6'1""",0,425,,30/6/2025,3927,Alfreton,Vanarama National League North,1,51,80%,56.0,79.0,13.4,14.44,4.7,0.0,4.7,13.4,2.15,4.7,3.92,56.0
29235372,Ethan Sephton,D (L),24,"5'11""",0,300,,30/6/2025,1960,Gloucester,Vanarama National League North,1,47,86%,56.0,84.0,11.35,12.72,5.74,0.0,5.74,11.35,2.85,5.74,3.26,56.0
52032604,Jimmy Keohane,"D/WB (RL), DM",33,"5'11""",0,925,,30/6/2024,1836,Rochdale,Vanarama National League,1,50,86%,56.0,84.0,10.05,12.55,4.66,0.0,4.66,10.05,2.4,4.66,2.35,56.0
31037585,Joel Colbran,D (R),25,"6'1""",0,0,,-,2351,Worthing,Vanarama National League South,1,50,84%,56.0,72.0,10.64,15.89,5.17,0.0,5.17,10.64,1.57,5.17,3.60,56.0
29226255,Josh Owers,"DM, M (C)",22,"6'0""",0,700,,30/6/2025,2377,Yeovil,Vanarama National League South,1,50,90%,55.0,71.0,5.64,12.0,5.0,0.0,5.0,5.64,1.78,5.0,2.20,55.0
28121648,Lucas Defise,"DM, M (C)",22,"5'10""",0,575,,30/6/2024,3843,Eastbourne Borough,Vanarama National League South,1,57,88%,55.0,74.0,8.74,15.13,5.5,0.0,5.5,8.74,1.9,5.5,2.01,55.0
29158753,Alex Brown,D/WB (L),25,"5'9""",0,575,,30/6/2025,4372,Scarborough Athletic,Vanarama National League North,1,50,85%,55.0,76.0,11.73,15.5,7.12,0.0,7.12,11.73,2.94,7.12,3.21,55.0
89061743,Elliot Forbes,"D (C), DM, M (C)",25,"6'4""",0,525,,30/6/2025,4337,Blyth,Vanarama National League North,1,64,90%,55.0,82.0,9.51,9.19,5.77,0.0,5.77,9.51,1.51,5.77,2.99,55.0
28058860,Adam Henley,D (RL),29,"5'10""",0,350,,30/6/2024,4337,Chorley,Vanarama National League North,1,59,85%,55.0,83.0,13.72,12.22,6.39,0.0,6.39,13.72,2.26,6.39,2.82,55.0
29163923,Lewis Gard,"DM, M (C)",24,"5'8""",0,550,,30/6/2025,3472,Tonbridge,Vanarama National League South,1,48,87%,54.0,71.0,12.21,9.64,4.41,0.0,4.41,12.21,1.19,4.41,2.07,54.0
29085673,Kieran Weledji,D (R),28,"6'2""",0,350,,30/6/2024,3802,Scarborough Athletic,Vanarama National League North,1,50,84%,54.0,77.0,11.72,12.81,5.26,0.0,5.26,11.72,2.27,5.26,2.86,54.0
29240108,Tom Sparrow,"DM, M (C)",21,"5'11""",0,"1,400",,30/6/2026,4059,South Shields,Vanarama National League North,1,50,91%,54.0,80.0,7.12,7.21,6.41,0.0,6.41,7.12,1.0,6.41,1.84,54.0
29236446,Alex Aoraha,"DM, M (C)",21,"6'1""",0,575,,30/6/2025,2268,Braintree,Vanarama National League South,1,50,90%,53.0,86.0,7.5,12.22,4.52,0.0,4.52,7.5,2.38,4.52,2.90,53.0
2000125523,Harry Barbrook,D (L),19,"5'11""",0,350,,30/6/2024,3168,Hemel Hempstead,Vanarama National League South,1,46,83%,53.0,84.0,12.18,14.2,6.14,0.0,6.14,12.18,2.1,6.14,2.98,53.0
2002081381,Aidan Ireland,D (R),17,"5'10""",0,180,,30/6/2025,1439,Warrington,Vanarama National League North,1,44,81%,53.0,81.0,10.55,14.01,6.07,0.0,6.07,10.55,1.63,6.07,3.06,53.0
2000044791,Ben Watt,"DM, M (C)",20,"5'9""",0,"1,200",,30/6/2025,2684,Maidstone,Vanarama National League South,1,50,90%,52.0,76.0,7.58,12.81,4.19,0.0,4.19,7.58,1.81,4.19,1.91,52.0
29234484,Jack Smith,"DM, M (C)",22,"6'1""",0,625,,30/6/2026,3144,Dartford,Vanarama National League South,1,51,90%,50.0,83.0,7.8,12.68,4.35,0.0,4.35,7.8,2.55,4.35,1.75,50.0
90012441,Alex Kenyon,"D (C), DM, M (C)",31,"5'11""",0,450,,30/6/2025,4403,Curzon Ashton,Vanarama National League North,1,46,85%,50.0,79.0,6.91,8.75,4.6,0.0,4.6,6.91,2.35,4.6,2.45,50.0
29152568,Ben Liddle,M (C),25,"5'7""",0,525,,30/6/2024,3950,Darlington,Vanarama National League North,1,49,85%,50.0,78.0,12.15,7.27,4.88,0.0,4.88,12.15,1.39,4.88,2.53,50.0
28116915,Bivesh Gurung,"DM, M (C)",22,"6'0""",0,400,,30/6/2024,1424,Maidstone,Vanarama National League South,1,50,89%,49.0,76.0,9.29,10.11,4.3,0.0,4.3,9.29,2.02,4.3,2.91,49.0
29005307,Joe Partington,"D (RC), DM",34,"6'2""",0,650,,30/6/2025,3288,St. Albans,Vanarama National League South,1,50,87%,49.0,79.0,7.64,11.66,4.38,0.0,4.38,7.64,1.53,4.38,2.74,49.0
29210000,Matty Williams,D (C),23,"6'3""",0,350,,30/6/2024,1324,Chester,Vanarama National League North,1,47,87%,48.0,82.0,7.76,11.76,5.44,0.0,5.44,7.76,1.22,5.44,4.15,48.0
29178502,Daniel Martin,D/WB (L),24,"5'8""",0,575,,30/6/2024,2203,Torquay,Vanarama National League South,1,52,84%,48.0,88.0,12.68,11.77,4.62,0.0,4.62,12.68,2.41,4.62,3.06,48.0
2000144017,Marshall Burke,"DM, M (C)",19,"6'0""",0,575,,30/6/2025,4021,South Shields,Vanarama National League North,1,50,88%,48.0,76.0,11.57,6.36,5.22,0.0,5.22,11.57,1.16,5.22,2.19,48.0
28100985,Ollie Shenton,M/AM (C),26,"5'9""",0,575,,30/6/2024,3861,Chorley,Vanarama National League North,1,59,88%,48.0,76.0,13.13,6.71,5.1,0.0,5.1,13.13,1.24,5.1,1.61,48.0
29128950,Jordan Richards,"DM, M (C)",26,"5'11""",0,475,,30/6/2024,2875,Boston Utd,Vanarama National League North,1,58,89%,48.0,76.0,7.68,8.55,5.1,0.0,5.1,7.68,1.94,5.1,2.16,48.0
28085969,George Glendon,M (C),29,"5'10""",0,875,,30/6/2024,4365,Chester,Vanarama National League North,1,47,89%,47.0,84.0,7.76,7.77,4.66,0.0,4.66,7.76,2.33,4.66,2.49,47.0
29235189,Keziah Martin,M (C),24,"5'10""",0,425,,30/6/2025,1621,Boston Utd,Vanarama National League North,1,58,87%,47.0,77.0,11.76,8.44,8.0,0.0,8.0,11.76,1.89,8.0,2.39,47.0
28059635,David Morgan,"DM, M (C)",29,"5'8""",0,475,,30/6/2024,3833,Southport,Vanarama National League North,1,50,86%,46.0,72.0,7.49,7.87,4.58,0.0,4.58,7.49,2.23,4.58,1.95,46.0
29217934,Finley Shrimpton,"DM, M (C)",21,"5'9""",0,575,,30/6/2025,2017,Scunthorpe,Vanarama National League North,1,64,89%,46.0,76.0,10.35,6.43,4.73,0.0,4.73,10.35,1.29,4.73,2.14,46.0
2000144685,Josh Home,"DM, M (C)",18,"5'9""",0,475,,30/6/2025,3211,Weston-super-Mare,Vanarama National League South,1,50,89%,45.0,75.0,6.75,14.91,4.26,0.0,4.26,6.75,1.51,4.26,1.77,45.0
28127070,Hayden Lindley,"DM, M (C)",21,"6'0""",0,850,,30/6/2025,1534,Darlington,Vanarama National League North,1,49,89%,45.0,69.0,6.62,8.04,5.75,0.0,5.75,6.62,1.94,5.75,1.58,45.0
29173985,Alfie Payne,"DM, M (C)",24,"5'10""",0,350,,30/6/2025,4046,Braintree,Vanarama National League South,1,50,88%,44.0,82.0,7.79,11.63,4.76,0.0,4.76,7.79,1.76,4.76,1.69,44.0
2000125469,Liam Humbles,"DM, M (C)",20,"5'11""",0,450,,30/6/2025,3340,Maidstone,Vanarama National League South,1,50,88%,44.0,74.0,8.11,11.16,4.26,0.0,4.26,8.11,1.72,4.26,1.78,44.0
29113873,Tyler Denton,D (L),28,"5'9""",0,"1,100",,30/6/2024,3139,Scunthorpe,Vanarama National League North,1,64,85%,44.0,76.0,13.69,11.67,5.62,0.0,5.62,13.69,1.38,5.62,2.32,44.0
90091351,Nathan Newall,D/WB (L),22,"6'0""",0,0,,-,3796,Alfreton,Vanarama National League North,1,51,80%,42.0,79.0,12.34,13.8,4.41,0.0,4.41,12.34,2.51,4.41,2.09,42.0
2000123314,Nathan Tinsdale,"DM, M (C)",18,"5'11""",0,475,,30/6/2025,1118,Peterborough Sports,Vanarama National League North,1,47,86%,41.0,88.0,7.44,7.73,4.59,0.0,4.59,7.44,1.77,4.59,2.25,41.0
29005420,Jacob Butterfield,"DM, M (C)",33,"5'11""",0,"1,400",,30/6/2024,2910,Scunthorpe,Vanarama National League North,1,64,88%,40.0,63.0,12.54,6.87,5.63,0.0,5.63,12.54,1.33,5.63,1.11,40.0
29086214,Shep Murombedzi,"DM, M (C)",29,"5'9""",0,675,,30/6/2025,3802,Brackley,Vanarama National League North,1,45,90%,39.0,73.0,5.68,8.62,4.73,0.0,4.73,5.68,2.65,4.73,1.75,39.0
2000122117,Ayyuba Jambang,D (R),19,"5'9""",0,925,,30/6/2025,1980,Aveley,Vanarama National League South,1,44,84%,39.0,89.0,14.0,11.77,5.59,0.0,5.59,14.0,1.91,5.59,2.45,39.0
29091033,Dan Lawlor,"DM, M (C)",29,"5'10""",0,400,,30/6/2024,3822,Peterborough Sports,Vanarama National League North,1,47,86%,38.0,72.0,11.31,9.02,5.58,0.0,5.58,11.31,2.68,5.58,1.32,38.0
2000137611,Luke Woolston,"DM, M (C)",19,"5'10""",0,"1,200",,30/6/2025,1677,Spennymoor,Vanarama National League North,1,46,86%,38.0,69.0,7.56,8.16,5.21,0.0,5.21,7.56,1.93,5.21,1.29,38.0
28121312,Sam Packham,D (R),22,"5'10""",0,600,,30/6/2024,4090,Worthing,Vanarama National League South,1,50,84%,37.0,84.0,11.0,14.72,5.48,0.0,5.48,11.0,1.98,5.48,1.78,37.0
29194266,Alfie Bates,"DM, M (C)",23,"5'7""",0,825,,30/6/2024,4233,Brackley,Vanarama National League North,1,45,85%,37.0,76.0,9.78,8.19,5.02,0.0,5.02,9.78,1.98,5.02,1.42,37.0
29113880,Alex Purver,"DM, M (C)",28,"5'10""",0,675,,30/6/2026,3673,Scarborough Athletic,Vanarama National League North,1,50,87%,35.0,74.0,7.89,9.92,5.61,0.0,5.61,7.89,2.74,5.61,1.74,35.0
29036351,Will Hatfield,"DM, M (C)",32,"5'8""",0,575,,30/6/2025,3801,Darlington,Vanarama National League North,1,49,86%,34.0,75.0,9.79,8.45,4.88,0.0,4.88,9.79,2.39,4.88,1.21,34.0
28059684,Elliott Whitehouse,M (C),30,"5'11""",0,575,,30/6/2024,1364,Chester,Vanarama National League North,1,47,88%,29.0,82.0,8.72,8.45,5.08,0.0,5.08,8.72,3.1,5.08,1.12,29.0
29217667,Will McGowan,"DM, M/AM (C)",21,"5'7""",0,525,,30/6/2025,3551,Blyth,Vanarama National League North,1,64,91%,28.0,79.0,9.96,6.51,7.45,0.0,7.45,9.96,1.85,7.45,0.76,28.0
29176532,Keaton Ward,M/AM (C),24,"6'0""",0,400,,30/6/2025,2346,Boston Utd,Vanarama National League North,1,58,86%,27.0,81.0,11.24,6.52,4.53,0.0,4.53,11.24,1.5,4.53,1.57,27.0
28094022,Alex Wiles,M (C),27,"5'8""",0,400,,30/6/2025,1347,Scarborough Athletic,Vanarama National League North,1,50,86%,27.0,67.0,8.49,8.69,6.15,0.0,6.15,8.49,2.34,6.15,1.27,27.0
28110963,Jordan Hickey,M (C),24,"5'10""",0,400,,30/6/2024,3243,Blyth,Vanarama National League North,1,64,91%,26.0,81.0,13.46,6.3,5.36,0.0,5.36,13.46,1.69,5.36,0.94,26.0
29233762,Sam Leverett,M (C),21,"5'9""",0,170,,30/6/2025,1144,Farsley,Vanarama National League North,1,46,86%,20.0,88.0,8.59,6.92,4.56,0.0,4.56,8.59,2.2,4.56,0.94,20.0
29085674,Lewis Maloney,"DM, M (C)",29,"5'8""",0,650,,30/6/2026,4354,Scarborough Athletic,Vanarama National League North,1,50,90%,20.0,76.0,10.27,7.67,4.42,0.0,4.42,10.27,2.07,4.42,0.56,20.0
2000124632,Jean Claude Makiessi,"DM, M (C)",19,"5'8""",0,900,,30/6/2026,3231,Gloucester,Vanarama National League North,1,47,88%,20.0,71.0,7.3,7.49,4.23,0.0,4.23,7.3,2.09,4.23,0.70,20.0
28127127,Oli Ewing,"DM, M (C)",21,"5'7""",0,"1,500",,30/6/2024,2912,Chester,Vanarama National League North,1,47,89%,19.0,82.0,5.25,8.31,4.54,0.0,4.54,5.25,1.82,4.54,0.68,19.0
89007828,Tom Broadbent,D (C),32,"6'3""",0,925,,30/6/2024,1934,South Shields,Vanarama National League North,1,50,82%,85.0,84.0,10.84,14.33,6.33,0.0,6.33,10.84,0.74,6.33,7.59,85.0
2000124630,Charlie Hickingbottom,D (C),19,"6'2""",0,475,,30/6/2025,2662,Farsley,Vanarama National League North,1,46,81%,84.0,79.0,8.55,13.59,4.77,0.0,4.77,8.55,1.01,4.77,8.18,84.0
29189397,Max Ram,D (RC),23,"6'3""",0,350,,30/6/2024,3971,Gloucester,Vanarama National League North,1,47,86%,82.0,83.0,11.01,16.34,5.1,0.0,5.1,11.01,2.9,5.1,7.75,82.0
28100544,Reiss Greenidge,D (C),27,"6'6""",0,650,,30/6/2024,2587,Maidstone,Vanarama National League South,1,50,79%,82.0,71.0,4.77,12.73,4.28,0.0,4.28,4.77,0.87,4.28,7.24,82.0
90092803,Devon Matthews,D (C),24,"6'3""",0,250,,30/6/2025,3251,Curzon Ashton,Vanarama National League North,1,46,77%,82.0,67.0,10.9,14.62,4.24,0.0,4.24,10.9,1.05,4.24,8.47,82.0
52100897,Sean Callan,D (C),24,"6'2""",0,325,,30/6/2025,1564,Weston-super-Mare,Vanarama National League South,1,50,87%,81.0,65.0,5.47,14.56,4.43,0.0,4.43,5.47,0.86,4.43,6.45,81.0
90043947,Jake Lawlor,D (C),33,"6'4""",0,525,,30/6/2024,3636,Darlington,Vanarama National League North,1,49,82%,81.0,84.0,9.41,14.18,4.21,0.0,4.21,9.41,1.21,4.21,8.96,81.0
28128052,Nathan Carlyon,DM,22,"5'10""",0,725,,30/6/2028,"2,492",AFC Fylde,Vanarama National League,2,50,88%,37.0,79.0,4.59,17.44,4.95,0.0,4.95,4.59,2.09,4.95,1.52,37.0
29188482,Kevin Berkoe,D/WB/M (L),23,"5'11""",0,325,,30/11/2027,"1,168",Longford,Irish First Division,2,50,86%,63.0,85.0,13.18,14.26,5.78,0.0,5.78,13.18,3.16,5.78,3.85,63.0
29072743,Zak Mills,D/WB (R),32,"6'0""",0,500,,30/6/2027,"2,009",South Shields,Vanarama National League,2,50,86%,71.0,83.0,13.53,11.33,4.66,0.0,4.66,13.53,1.70,4.66,5.15,71.0
29233083,Andres De Gracia,"DM, M (C)",22,"5'11""",0,600,Balanced,30/6/2027,"2,997",Eastbourne Borough,Vanarama National League South,2,50,89%,64.0,79.0,8.08,12.58,4.95,0.0,4.95,8.08,1.77,4.95,2.73,64.0
28127070,Hayden Lindley,"DM, M (C)",22,"6'0""",0,"1,100",Fairly Determined,30/6/2026,"2,571",Darlington,Vanarama National League North,2,48,88%,36.0,81.0,7.2,7.95,4.2,0.0,4.2,7.2,2.42,4.2,1.44,36.0
29229012,Oliver Green,"DM, M (C)",22,"6'3""",0,250,,30/6/2026,"2,866",Haverfordwest,JD Cymru Premier,2,50,89%,37.0,68.0,5.75,15.17,4.24,0.0,4.24,5.75,1.63,4.24,1.76,37.0
29157526,Ben Hedley,D/WB (RL),26,"5'10""",0,575,Balanced,30/6/2026,"3,780",Radcliffe,English Northern Premier League Premier Division,2,49,85%,72.0,81.0,11.88,11.57,5.17,0.0,5.17,11.88,1.86,5.17,4.50,72.0
28127268,Eddie Jackson,D (R),22,"5'9""",0,170,Determined,30/6/2026,"2,381",Connah's Quay,JD Cymru Premier,2,50,82%,70.0,71.0,11.83,11.49,4.57,0.0,4.57,11.83,1.36,4.57,4.61,70.0
29128545,Kyron Farrell,D/WB/M (L),27,"5'11""",0,300,Balanced,30/6/2026,"4,350",Bath City,Vanarama National League South,2,50,85%,70.0,74.0,13.14,13.1,5.83,0.0,5.83,13.14,2.40,5.83,4.41,70.0
2000110565,Dan Myers,D (LC),23,"6'1""",0,240,Balanced,30/6/2026,"2,501",Spennymoor,Vanarama National League North,2,44,85%,74.0,80.0,9.35,14.14,4.61,0.0,4.61,9.35,2.38,4.61,6.77,74.0
28124744,Cardo Siddik,D (C),22,"6'3""",0,600,Balanced,30/6/2025,"3,587",Darlington,Vanarama National League North,2,48,84%,85.0,73.0,9.29,14.38,4.89,0.0,4.89,9.29,1.33,4.89,8.23,85.0
29219537,Brad Nicholson,"D (LC), WB (L)",26,"6'2""",0,325,Balanced,30/6/2025,"3,576",Boston Utd,Vanarama National League North,2,50,84%,62.0,78.0,13.69,10.17,4.58,0.0,4.58,13.69,2.09,4.58,3.35,62.0
2000144681,Engwau Oduka,"D (C), DM, M (C)",20,"6'2""",0,350,Determined,30/6/2025,"3,500",King's Lynn,English Northern Premier League Premier Division,2,50,88%,51.0,75.0,5.86,18.62,4.29,0.0,4.29,5.86,1.72,4.29,2.13,51.0
29160404,Sam Fielding,"D (RC), DM, M (C)",26,"6'2""",0,275,Balanced,30/6/2025,"2,535",Spennymoor,Vanarama National League North,2,44,88%,57.0,71.0,7.29,9.73,5.11,0.0,5.11,7.29,1.85,5.11,2.45,57.0
2002083560,Yusuf Ulusoy,D (L),25,"5'10""",0,300,Light-Hearted,30/6/2025,"1,438",Leamington,Vanarama National League North,2,52,82%,62.0,82.0,11.8,14.65,4.69,0.0,4.69,11.8,2.88,4.69,4.76,62.0
29226266,Luca Murphy,D (C),23,"6'4""",0,475,Balanced,30/6/2025,"2,031",Blyth,Vanarama National League North,2,69,90%,84.0,68.0,13.08,12.94,6.51,0.0,6.51,13.08,0.58,6.51,7.71,84.0
28100474,Jack Evans,"DM, M (C)",27,"6'1""",0,0,Fairly Professional,-,"1,723",Farsley,Vanarama National League North,2,47,86%,52.0,78.0,9.07,9.19,4.81,0.0,4.81,9.07,1.62,4.81,3.71,52.0
2000052149,Harvey Sutcliffe,D (R),21,"5'9""",0,0,,-,"2,006",Penybont,JD Cymru Premier,2,50,85%,61.0,91.0,14.18,11.93,5.7,0.0,5.7,14.18,2.29,5.7,3.77,61.0
